total_size,draw,method,accuracy
20,0,LOGIS,0.7
20,0,SVM,0.7
20,0,KNN,0.6
20,0,RF,0.65
20,0,XGB,0.6
20,1,LOGIS,0.85
20,1,SVM,0.7
20,1,KNN,0.5
20,1,RF,0.75
20,1,XGB,0.8
20,2,LOGIS,0.65
20,2,SVM,0.65
20,2,KNN,0.8
20,2,RF,0.55
20,2,XGB,0.6
20,3,LOGIS,0.9
20,3,SVM,0.9
20,3,KNN,0.65
20,3,RF,0.9
20,3,XGB,0.8
20,4,LOGIS,0.9
20,4,SVM,0.75
20,4,KNN,0.55
20,4,RF,0.75
20,4,XGB,0.75
20,5,LOGIS,0.5
20,5,SVM,0.45
20,5,KNN,0.65
20,5,RF,0.45
20,5,XGB,0.45
20,6,LOGIS,0.55
20,6,SVM,0.5
20,6,KNN,0.4
20,6,RF,0.5
20,6,XGB,0.55
20,7,LOGIS,0.75
20,7,SVM,0.55
20,7,KNN,0.4
20,7,RF,0.55
20,7,XGB,0.7
20,8,LOGIS,0.85
20,8,SVM,0.9
20,8,KNN,0.7
20,8,RF,0.8
20,8,XGB,0.75
20,9,LOGIS,0.75
20,9,SVM,0.6
20,9,KNN,0.4
20,9,RF,0.65
20,9,XGB,0.65
20,10,LOGIS,0.85
20,10,SVM,0.85
20,10,KNN,0.65
20,10,RF,0.75
20,10,XGB,0.85
20,11,LOGIS,0.7
20,11,SVM,0.65
20,11,KNN,0.5
20,11,RF,0.7
20,11,XGB,0.7
20,12,LOGIS,1.0
20,12,SVM,0.8
20,12,KNN,0.75
20,12,RF,0.9
20,12,XGB,0.9
20,13,LOGIS,0.85
20,13,SVM,0.9
20,13,KNN,0.75
20,13,RF,0.8
20,13,XGB,0.85
20,14,LOGIS,0.75
20,14,SVM,0.7
20,14,KNN,0.5
20,14,RF,0.55
20,14,XGB,0.65
20,15,LOGIS,0.9
20,15,SVM,0.8
20,15,KNN,0.5
20,15,RF,0.85
20,15,XGB,0.8
20,16,LOGIS,0.65
20,16,SVM,0.45
20,16,KNN,0.5
20,16,RF,0.6
20,16,XGB,0.5
20,17,LOGIS,0.8
20,17,SVM,0.6
20,17,KNN,0.55
20,17,RF,0.7
20,17,XGB,0.7
20,18,LOGIS,0.8
20,18,SVM,0.65
20,18,KNN,0.5
20,18,RF,0.7
20,18,XGB,0.65
20,19,LOGIS,0.8
20,19,SVM,0.85
20,19,KNN,0.6
20,19,RF,0.75
20,19,XGB,0.75
20,20,LOGIS,0.9
20,20,SVM,0.85
20,20,KNN,0.5
20,20,RF,0.75
20,20,XGB,0.85
20,21,LOGIS,0.7
20,21,SVM,0.85
20,21,KNN,0.5
20,21,RF,0.75
20,21,XGB,0.65
20,22,LOGIS,0.8
20,22,SVM,0.7
20,22,KNN,0.5
20,22,RF,0.65
20,22,XGB,0.65
20,23,LOGIS,1.0
20,23,SVM,1.0
20,23,KNN,0.95
20,23,RF,1.0
20,23,XGB,0.95
20,24,LOGIS,0.9
20,24,SVM,0.75
20,24,KNN,0.55
20,24,RF,0.8
20,24,XGB,0.7
20,25,LOGIS,0.8
20,25,SVM,0.95
20,25,KNN,0.55
20,25,RF,0.95
20,25,XGB,0.75
20,26,LOGIS,0.95
20,26,SVM,0.6
20,26,KNN,0.5
20,26,RF,0.7
20,26,XGB,0.85
20,27,LOGIS,0.75
20,27,SVM,0.7
20,27,KNN,0.55
20,27,RF,0.7
20,27,XGB,0.75
20,28,LOGIS,0.95
20,28,SVM,0.95
20,28,KNN,0.6
20,28,RF,0.9
20,28,XGB,0.85
20,29,LOGIS,0.45
20,29,SVM,0.6
20,29,KNN,0.5
20,29,RF,0.7
20,29,XGB,0.6
30,0,LOGIS,0.8666666666666668
30,0,SVM,0.8
30,0,KNN,0.7333333333333333
30,0,RF,0.8666666666666666
30,0,XGB,0.8
30,1,LOGIS,0.7666666666666666
30,1,SVM,0.7
30,1,KNN,0.7666666666666667
30,1,RF,0.7333333333333334
30,1,XGB,0.6
30,2,LOGIS,0.8333333333333333
30,2,SVM,0.6666666666666667
30,2,KNN,0.7
30,2,RF,0.4666666666666666
30,2,XGB,0.5
30,3,LOGIS,0.6333333333333333
30,3,SVM,0.4666666666666666
30,3,KNN,0.4666666666666666
30,3,RF,0.5333333333333334
30,3,XGB,0.6333333333333333
30,4,LOGIS,0.7666666666666667
30,4,SVM,0.8
30,4,KNN,0.7333333333333333
30,4,RF,0.8333333333333334
30,4,XGB,0.8
30,5,LOGIS,0.8
30,5,SVM,0.7666666666666667
30,5,KNN,0.5999999999999999
30,5,RF,0.8
30,5,XGB,0.8
30,6,LOGIS,0.7
30,6,SVM,0.7666666666666666
30,6,KNN,0.5333333333333333
30,6,RF,0.8666666666666666
30,6,XGB,0.7666666666666666
30,7,LOGIS,0.9
30,7,SVM,0.8666666666666666
30,7,KNN,0.8666666666666666
30,7,RF,0.8333333333333334
30,7,XGB,0.9333333333333333
30,8,LOGIS,0.6333333333333333
30,8,SVM,0.7333333333333333
30,8,KNN,0.6333333333333333
30,8,RF,0.6333333333333333
30,8,XGB,0.5666666666666667
30,9,LOGIS,0.9
30,9,SVM,0.8666666666666668
30,9,KNN,0.7666666666666667
30,9,RF,0.8666666666666666
30,9,XGB,0.9
30,10,LOGIS,0.8333333333333334
30,10,SVM,0.6666666666666667
30,10,KNN,0.5666666666666667
30,10,RF,0.6666666666666667
30,10,XGB,0.6333333333333333
30,11,LOGIS,0.6666666666666666
30,11,SVM,0.6
30,11,KNN,0.5999999999999999
30,11,RF,0.6666666666666667
30,11,XGB,0.6666666666666667
30,12,LOGIS,0.7666666666666667
30,12,SVM,0.7666666666666666
30,12,KNN,0.6333333333333333
30,12,RF,0.7666666666666666
30,12,XGB,0.6333333333333333
30,13,LOGIS,0.6
30,13,SVM,0.5666666666666667
30,13,KNN,0.5666666666666667
30,13,RF,0.7666666666666667
30,13,XGB,0.7
30,14,LOGIS,0.8333333333333334
30,14,SVM,0.7666666666666668
30,14,KNN,0.7
30,14,RF,0.7333333333333333
30,14,XGB,0.7333333333333333
30,15,LOGIS,0.6666666666666667
30,15,SVM,0.7333333333333334
30,15,KNN,0.5
30,15,RF,0.8
30,15,XGB,0.6666666666666666
30,16,LOGIS,0.9333333333333332
30,16,SVM,0.7999999999999999
30,16,KNN,0.7666666666666666
30,16,RF,0.7666666666666666
30,16,XGB,0.7666666666666666
30,17,LOGIS,0.9
30,17,SVM,0.8
30,17,KNN,0.7666666666666668
30,17,RF,0.8333333333333334
30,17,XGB,0.8666666666666668
30,18,LOGIS,0.7
30,18,SVM,0.6666666666666667
30,18,KNN,0.7
30,18,RF,0.6
30,18,XGB,0.4666666666666667
30,19,LOGIS,0.8666666666666666
30,19,SVM,0.9
30,19,KNN,0.7
30,19,RF,0.9
30,19,XGB,0.7999999999999999
30,20,LOGIS,0.7666666666666667
30,20,SVM,0.7999999999999999
30,20,KNN,0.7
30,20,RF,0.8333333333333334
30,20,XGB,0.8333333333333333
30,21,LOGIS,0.8333333333333333
30,21,SVM,0.7666666666666666
30,21,KNN,0.7
30,21,RF,0.7333333333333332
30,21,XGB,0.8666666666666668
30,22,LOGIS,0.8
30,22,SVM,0.7666666666666668
30,22,KNN,0.6
30,22,RF,0.7666666666666668
30,22,XGB,0.8
30,23,LOGIS,0.7
30,23,SVM,0.7333333333333334
30,23,KNN,0.7
30,23,RF,0.7333333333333333
30,23,XGB,0.6666666666666666
30,24,LOGIS,0.8
30,24,SVM,0.7666666666666667
30,24,KNN,0.5
30,24,RF,0.7666666666666667
30,24,XGB,0.8
30,25,LOGIS,0.8
30,25,SVM,0.6666666666666667
30,25,KNN,0.7333333333333334
30,25,RF,0.6
30,25,XGB,0.5666666666666667
30,26,LOGIS,0.7666666666666666
30,26,SVM,0.6666666666666667
30,26,KNN,0.6666666666666667
30,26,RF,0.7666666666666667
30,26,XGB,0.8
30,27,LOGIS,0.8333333333333334
30,27,SVM,0.8
30,27,KNN,0.7333333333333334
30,27,RF,0.8
30,27,XGB,0.7333333333333333
30,28,LOGIS,0.6
30,28,SVM,0.6
30,28,KNN,0.6333333333333334
30,28,RF,0.7
30,28,XGB,0.6333333333333333
30,29,LOGIS,0.7
30,29,SVM,0.8333333333333334
30,29,KNN,0.8
30,29,RF,0.8
30,29,XGB,0.8333333333333334
40,0,LOGIS,0.875
40,0,SVM,0.675
40,0,KNN,0.675
40,0,RF,0.7
40,0,XGB,0.625
40,1,LOGIS,0.85
40,1,SVM,0.85
40,1,KNN,0.75
40,1,RF,0.875
40,1,XGB,0.875
40,2,LOGIS,0.825
40,2,SVM,0.8
40,2,KNN,0.7
40,2,RF,0.775
40,2,XGB,0.85
40,3,LOGIS,0.775
40,3,SVM,0.725
40,3,KNN,0.65
40,3,RF,0.675
40,3,XGB,0.65
40,4,LOGIS,0.875
40,4,SVM,0.825
40,4,KNN,0.8
40,4,RF,0.925
40,4,XGB,0.875
40,5,LOGIS,0.65
40,5,SVM,0.8
40,5,KNN,0.725
40,5,RF,0.65
40,5,XGB,0.725
40,6,LOGIS,0.875
40,6,SVM,0.775
40,6,KNN,0.75
40,6,RF,0.775
40,6,XGB,0.775
40,7,LOGIS,0.85
40,7,SVM,0.725
40,7,KNN,0.7
40,7,RF,0.6
40,7,XGB,0.675
40,8,LOGIS,0.75
40,8,SVM,0.675
40,8,KNN,0.725
40,8,RF,0.625
40,8,XGB,0.75
40,9,LOGIS,0.8
40,9,SVM,0.75
40,9,KNN,0.7
40,9,RF,0.725
40,9,XGB,0.75
40,10,LOGIS,0.575
40,10,SVM,0.675
40,10,KNN,0.675
40,10,RF,0.7
40,10,XGB,0.625
40,11,LOGIS,0.65
40,11,SVM,0.65
40,11,KNN,0.675
40,11,RF,0.675
40,11,XGB,0.625
40,12,LOGIS,0.6
40,12,SVM,0.575
40,12,KNN,0.55
40,12,RF,0.625
40,12,XGB,0.55
40,13,LOGIS,0.8
40,13,SVM,0.675
40,13,KNN,0.425
40,13,RF,0.575
40,13,XGB,0.725
40,14,LOGIS,0.825
40,14,SVM,0.75
40,14,KNN,0.75
40,14,RF,0.8
40,14,XGB,0.825
40,15,LOGIS,0.775
40,15,SVM,0.775
40,15,KNN,0.725
40,15,RF,0.75
40,15,XGB,0.8
40,16,LOGIS,0.775
40,16,SVM,0.7
40,16,KNN,0.65
40,16,RF,0.675
40,16,XGB,0.775
40,17,LOGIS,0.85
40,17,SVM,0.8
40,17,KNN,0.75
40,17,RF,0.775
40,17,XGB,0.775
40,18,LOGIS,0.85
40,18,SVM,0.8
40,18,KNN,0.8
40,18,RF,0.8
40,18,XGB,0.8
40,19,LOGIS,0.825
40,19,SVM,0.825
40,19,KNN,0.825
40,19,RF,0.8
40,19,XGB,0.875
40,20,LOGIS,0.8
40,20,SVM,0.775
40,20,KNN,0.7
40,20,RF,0.675
40,20,XGB,0.75
40,21,LOGIS,0.75
40,21,SVM,0.7
40,21,KNN,0.7
40,21,RF,0.65
40,21,XGB,0.75
40,22,LOGIS,0.775
40,22,SVM,0.7
40,22,KNN,0.6
40,22,RF,0.65
40,22,XGB,0.7
40,23,LOGIS,0.8
40,23,SVM,0.525
40,23,KNN,0.55
40,23,RF,0.4
40,23,XGB,0.45
40,24,LOGIS,0.85
40,24,SVM,0.8
40,24,KNN,0.75
40,24,RF,0.85
40,24,XGB,0.8
40,25,LOGIS,0.625
40,25,SVM,0.6
40,25,KNN,0.4
40,25,RF,0.625
40,25,XGB,0.725
40,26,LOGIS,0.875
40,26,SVM,0.85
40,26,KNN,0.675
40,26,RF,0.675
40,26,XGB,0.725
40,27,LOGIS,0.775
40,27,SVM,0.75
40,27,KNN,0.625
40,27,RF,0.7
40,27,XGB,0.75
40,28,LOGIS,0.875
40,28,SVM,0.825
40,28,KNN,0.725
40,28,RF,0.775
40,28,XGB,0.775
40,29,LOGIS,0.9
40,29,SVM,0.775
40,29,KNN,0.625
40,29,RF,0.775
40,29,XGB,0.775
50,0,LOGIS,0.76
50,0,SVM,0.7799999999999999
50,0,KNN,0.74
50,0,RF,0.78
50,0,XGB,0.76
50,1,LOGIS,0.78
50,1,SVM,0.8400000000000001
50,1,KNN,0.78
50,1,RF,0.78
50,1,XGB,0.78
50,2,LOGIS,0.7200000000000001
50,2,SVM,0.6
50,2,KNN,0.6199999999999999
50,2,RF,0.6
50,2,XGB,0.62
50,3,LOGIS,0.7600000000000001
50,3,SVM,0.7
50,3,KNN,0.64
50,3,RF,0.72
50,3,XGB,0.74
50,4,LOGIS,0.8
50,4,SVM,0.7600000000000001
50,4,KNN,0.76
50,4,RF,0.72
50,4,XGB,0.78
50,5,LOGIS,0.86
50,5,SVM,0.7399999999999999
50,5,KNN,0.6199999999999999
50,5,RF,0.76
50,5,XGB,0.78
50,6,LOGIS,0.8
50,6,SVM,0.78
50,6,KNN,0.7
50,6,RF,0.78
50,6,XGB,0.74
50,7,LOGIS,0.86
50,7,SVM,0.78
50,7,KNN,0.6799999999999999
50,7,RF,0.7200000000000001
50,7,XGB,0.7999999999999999
50,8,LOGIS,0.74
50,8,SVM,0.64
50,8,KNN,0.68
50,8,RF,0.66
50,8,XGB,0.64
50,9,LOGIS,0.9
50,9,SVM,0.9
50,9,KNN,0.82
50,9,RF,0.8200000000000001
50,9,XGB,0.76
50,10,LOGIS,0.72
50,10,SVM,0.74
50,10,KNN,0.64
50,10,RF,0.7
50,10,XGB,0.76
50,11,LOGIS,0.6599999999999999
50,11,SVM,0.64
50,11,KNN,0.5399999999999999
50,11,RF,0.6799999999999999
50,11,XGB,0.72
50,12,LOGIS,0.86
50,12,SVM,0.6799999999999999
50,12,KNN,0.62
50,12,RF,0.72
50,12,XGB,0.76
50,13,LOGIS,0.9199999999999999
50,13,SVM,0.8799999999999999
50,13,KNN,0.8399999999999999
50,13,RF,0.9199999999999999
50,13,XGB,0.8200000000000001
50,14,LOGIS,0.86
50,14,SVM,0.8400000000000001
50,14,KNN,0.8
50,14,RF,0.8400000000000001
50,14,XGB,0.82
50,15,LOGIS,0.6399999999999999
50,15,SVM,0.6399999999999999
50,15,KNN,0.5800000000000001
50,15,RF,0.6
50,15,XGB,0.7
50,16,LOGIS,0.8400000000000001
50,16,SVM,0.7399999999999999
50,16,KNN,0.74
50,16,RF,0.82
50,16,XGB,0.78
50,17,LOGIS,0.72
50,17,SVM,0.68
50,17,KNN,0.68
50,17,RF,0.64
50,17,XGB,0.68
50,18,LOGIS,0.9199999999999999
50,18,SVM,0.8200000000000001
50,18,KNN,0.74
50,18,RF,0.8
50,18,XGB,0.8600000000000001
50,19,LOGIS,0.7799999999999999
50,19,SVM,0.6799999999999999
50,19,KNN,0.7000000000000001
50,19,RF,0.64
50,19,XGB,0.6799999999999999
50,20,LOGIS,0.7000000000000001
50,20,SVM,0.5800000000000001
50,20,KNN,0.5800000000000001
50,20,RF,0.6599999999999999
50,20,XGB,0.7
50,21,LOGIS,0.7399999999999999
50,21,SVM,0.7
50,21,KNN,0.7
50,21,RF,0.72
50,21,XGB,0.6399999999999999
50,22,LOGIS,0.68
50,22,SVM,0.6199999999999999
50,22,KNN,0.44000000000000006
50,22,RF,0.64
50,22,XGB,0.74
50,23,LOGIS,0.8400000000000001
50,23,SVM,0.8
50,23,KNN,0.72
50,23,RF,0.8400000000000001
50,23,XGB,0.8400000000000001
50,24,LOGIS,0.76
50,24,SVM,0.6799999999999999
50,24,KNN,0.6599999999999999
50,24,RF,0.72
50,24,XGB,0.6599999999999999
50,25,LOGIS,0.9400000000000001
50,25,SVM,0.78
50,25,KNN,0.76
50,25,RF,0.7600000000000001
50,25,XGB,0.78
50,26,LOGIS,0.8
50,26,SVM,0.78
50,26,KNN,0.68
50,26,RF,0.86
50,26,XGB,0.8400000000000001
50,27,LOGIS,0.74
50,27,SVM,0.5599999999999999
50,27,KNN,0.6599999999999999
50,27,RF,0.6
50,27,XGB,0.6
50,28,LOGIS,0.78
50,28,SVM,0.72
50,28,KNN,0.68
50,28,RF,0.72
50,28,XGB,0.76
50,29,LOGIS,0.5800000000000001
50,29,SVM,0.5800000000000001
50,29,KNN,0.52
50,29,RF,0.6
50,29,XGB,0.6199999999999999
60,0,LOGIS,0.8
60,0,SVM,0.75
60,0,KNN,0.6666666666666667
60,0,RF,0.7
60,0,XGB,0.7666666666666666
60,1,LOGIS,0.7333333333333333
60,1,SVM,0.7
60,1,KNN,0.6833333333333333
60,1,RF,0.6666666666666667
60,1,XGB,0.6833333333333333
60,2,LOGIS,0.7666666666666666
60,2,SVM,0.7
60,2,KNN,0.6499999999999999
60,2,RF,0.6666666666666666
60,2,XGB,0.7166666666666667
60,3,LOGIS,0.75
60,3,SVM,0.7666666666666667
60,3,KNN,0.7166666666666666
60,3,RF,0.7166666666666667
60,3,XGB,0.7333333333333333
60,4,LOGIS,0.8166666666666667
60,4,SVM,0.7333333333333333
60,4,KNN,0.7333333333333333
60,4,RF,0.7666666666666667
60,4,XGB,0.7333333333333333
60,5,LOGIS,0.85
60,5,SVM,0.8833333333333334
60,5,KNN,0.8
60,5,RF,0.8666666666666668
60,5,XGB,0.85
60,6,LOGIS,0.8166666666666667
60,6,SVM,0.7833333333333333
60,6,KNN,0.7666666666666666
60,6,RF,0.8
60,6,XGB,0.8
60,7,LOGIS,0.8333333333333333
60,7,SVM,0.6333333333333333
60,7,KNN,0.65
60,7,RF,0.6333333333333334
60,7,XGB,0.6833333333333333
60,8,LOGIS,0.8833333333333334
60,8,SVM,0.75
60,8,KNN,0.7000000000000001
60,8,RF,0.75
60,8,XGB,0.7666666666666668
60,9,LOGIS,0.7333333333333333
60,9,SVM,0.6833333333333333
60,9,KNN,0.7
60,9,RF,0.7666666666666667
60,9,XGB,0.6666666666666667
60,10,LOGIS,0.8166666666666667
60,10,SVM,0.8333333333333334
60,10,KNN,0.7833333333333333
60,10,RF,0.8
60,10,XGB,0.7499999999999999
60,11,LOGIS,0.6499999999999999
60,11,SVM,0.7
60,11,KNN,0.6833333333333333
60,11,RF,0.7166666666666666
60,11,XGB,0.6833333333333333
60,12,LOGIS,0.8166666666666667
60,12,SVM,0.7666666666666667
60,12,KNN,0.6166666666666667
60,12,RF,0.75
60,12,XGB,0.7166666666666667
60,13,LOGIS,0.8
60,13,SVM,0.75
60,13,KNN,0.6833333333333332
60,13,RF,0.7499999999999999
60,13,XGB,0.7833333333333333
60,14,LOGIS,0.8666666666666666
60,14,SVM,0.7666666666666666
60,14,KNN,0.7333333333333333
60,14,RF,0.75
60,14,XGB,0.7500000000000001
60,15,LOGIS,0.7999999999999999
60,15,SVM,0.8
60,15,KNN,0.75
60,15,RF,0.7666666666666668
60,15,XGB,0.7333333333333334
60,16,LOGIS,0.6333333333333334
60,16,SVM,0.7666666666666668
60,16,KNN,0.75
60,16,RF,0.8166666666666668
60,16,XGB,0.7833333333333334
60,17,LOGIS,0.7666666666666666
60,17,SVM,0.75
60,17,KNN,0.6666666666666667
60,17,RF,0.75
60,17,XGB,0.6666666666666666
60,18,LOGIS,0.8833333333333332
60,18,SVM,0.8
60,18,KNN,0.8
60,18,RF,0.7666666666666667
60,18,XGB,0.7666666666666667
60,19,LOGIS,0.8666666666666666
60,19,SVM,0.7500000000000001
60,19,KNN,0.7166666666666667
60,19,RF,0.8333333333333334
60,19,XGB,0.8
60,20,LOGIS,0.8166666666666668
60,20,SVM,0.7166666666666668
60,20,KNN,0.7166666666666667
60,20,RF,0.7
60,20,XGB,0.6666666666666667
60,21,LOGIS,0.7999999999999999
60,21,SVM,0.65
60,21,KNN,0.6166666666666667
60,21,RF,0.7333333333333334
60,21,XGB,0.7000000000000001
60,22,LOGIS,0.7666666666666667
60,22,SVM,0.8
60,22,KNN,0.7833333333333333
60,22,RF,0.8166666666666668
60,22,XGB,0.7499999999999999
60,23,LOGIS,0.8
60,23,SVM,0.8333333333333334
60,23,KNN,0.7
60,23,RF,0.7166666666666667
60,23,XGB,0.7166666666666666
60,24,LOGIS,0.7833333333333334
60,24,SVM,0.65
60,24,KNN,0.5666666666666667
60,24,RF,0.6666666666666666
60,24,XGB,0.7
60,25,LOGIS,0.8333333333333334
60,25,SVM,0.8166666666666667
60,25,KNN,0.7166666666666666
60,25,RF,0.7166666666666666
60,25,XGB,0.7333333333333333
60,26,LOGIS,0.85
60,26,SVM,0.8166666666666667
60,26,KNN,0.7666666666666667
60,26,RF,0.7666666666666666
60,26,XGB,0.8166666666666667
60,27,LOGIS,0.75
60,27,SVM,0.7
60,27,KNN,0.75
60,27,RF,0.7333333333333333
60,27,XGB,0.8166666666666668
60,28,LOGIS,0.9
60,28,SVM,0.6666666666666666
60,28,KNN,0.65
60,28,RF,0.6833333333333333
60,28,XGB,0.6333333333333333
60,29,LOGIS,0.9333333333333332
60,29,SVM,0.8
60,29,KNN,0.8
60,29,RF,0.75
60,29,XGB,0.7500000000000001
70,0,LOGIS,0.7
70,0,SVM,0.7571428571428571
70,0,KNN,0.7714285714285714
70,0,RF,0.8
70,0,XGB,0.7428571428571429
70,1,LOGIS,0.7285714285714285
70,1,SVM,0.7571428571428571
70,1,KNN,0.7285714285714285
70,1,RF,0.6857142857142857
70,1,XGB,0.6857142857142857
70,2,LOGIS,0.8142857142857143
70,2,SVM,0.7857142857142858
70,2,KNN,0.7857142857142857
70,2,RF,0.7714285714285716
70,2,XGB,0.7571428571428571
70,3,LOGIS,0.7857142857142858
70,3,SVM,0.7285714285714285
70,3,KNN,0.7428571428571429
70,3,RF,0.7142857142857142
70,3,XGB,0.7
70,4,LOGIS,0.7714285714285716
70,4,SVM,0.7142857142857143
70,4,KNN,0.7
70,4,RF,0.7000000000000001
70,4,XGB,0.7571428571428571
70,5,LOGIS,0.9428571428571428
70,5,SVM,0.7
70,5,KNN,0.7285714285714285
70,5,RF,0.6714285714285715
70,5,XGB,0.7285714285714286
70,6,LOGIS,0.8
70,6,SVM,0.7285714285714285
70,6,KNN,0.6857142857142857
70,6,RF,0.6857142857142857
70,6,XGB,0.7857142857142858
70,7,LOGIS,0.7428571428571428
70,7,SVM,0.7285714285714286
70,7,KNN,0.7571428571428571
70,7,RF,0.6571428571428573
70,7,XGB,0.6571428571428571
70,8,LOGIS,0.6857142857142857
70,8,SVM,0.7285714285714284
70,8,KNN,0.6571428571428571
70,8,RF,0.6571428571428571
70,8,XGB,0.7142857142857142
70,9,LOGIS,0.8428571428571429
70,9,SVM,0.7571428571428571
70,9,KNN,0.6857142857142857
70,9,RF,0.7285714285714284
70,9,XGB,0.7142857142857142
70,10,LOGIS,0.6571428571428571
70,10,SVM,0.6857142857142857
70,10,KNN,0.5428571428571429
70,10,RF,0.6142857142857143
70,10,XGB,0.6714285714285715
70,11,LOGIS,0.8428571428571429
70,11,SVM,0.7857142857142857
70,11,KNN,0.7714285714285714
70,11,RF,0.7857142857142857
70,11,XGB,0.7999999999999999
70,12,LOGIS,0.7142857142857143
70,12,SVM,0.7428571428571429
70,12,KNN,0.7285714285714285
70,12,RF,0.7714285714285714
70,12,XGB,0.7285714285714285
70,13,LOGIS,0.7714285714285715
70,13,SVM,0.7571428571428571
70,13,KNN,0.7714285714285715
70,13,RF,0.8142857142857143
70,13,XGB,0.7571428571428571
70,14,LOGIS,0.8428571428571429
70,14,SVM,0.8142857142857143
70,14,KNN,0.7142857142857143
70,14,RF,0.8
70,14,XGB,0.8285714285714286
70,15,LOGIS,0.8571428571428571
70,15,SVM,0.7571428571428571
70,15,KNN,0.7285714285714286
70,15,RF,0.7428571428571429
70,15,XGB,0.7285714285714286
70,16,LOGIS,0.7285714285714285
70,16,SVM,0.7285714285714285
70,16,KNN,0.6714285714285715
70,16,RF,0.7571428571428571
70,16,XGB,0.7571428571428571
70,17,LOGIS,0.7
70,17,SVM,0.7714285714285714
70,17,KNN,0.7428571428571429
70,17,RF,0.7714285714285714
70,17,XGB,0.7571428571428571
70,18,LOGIS,0.6857142857142857
70,18,SVM,0.7142857142857143
70,18,KNN,0.6857142857142857
70,18,RF,0.6571428571428571
70,18,XGB,0.6714285714285714
70,19,LOGIS,0.8285714285714286
70,19,SVM,0.8857142857142858
70,19,KNN,0.7428571428571428
70,19,RF,0.8
70,19,XGB,0.8428571428571429
70,20,LOGIS,0.8
70,20,SVM,0.7142857142857143
70,20,KNN,0.7142857142857142
70,20,RF,0.6857142857142857
70,20,XGB,0.8285714285714286
70,21,LOGIS,0.8
70,21,SVM,0.7714285714285714
70,21,KNN,0.7571428571428571
70,21,RF,0.7857142857142858
70,21,XGB,0.6857142857142857
70,22,LOGIS,0.8285714285714285
70,22,SVM,0.8285714285714286
70,22,KNN,0.7857142857142857
70,22,RF,0.8142857142857144
70,22,XGB,0.8428571428571429
70,23,LOGIS,0.7428571428571428
70,23,SVM,0.6285714285714286
70,23,KNN,0.6285714285714286
70,23,RF,0.5857142857142856
70,23,XGB,0.7
70,24,LOGIS,0.7714285714285715
70,24,SVM,0.7571428571428571
70,24,KNN,0.7571428571428571
70,24,RF,0.7571428571428571
70,24,XGB,0.7285714285714286
70,25,LOGIS,0.7857142857142858
70,25,SVM,0.7714285714285714
70,25,KNN,0.7571428571428572
70,25,RF,0.7714285714285715
70,25,XGB,0.7285714285714286
70,26,LOGIS,0.7857142857142857
70,26,SVM,0.7857142857142857
70,26,KNN,0.7428571428571429
70,26,RF,0.7857142857142857
70,26,XGB,0.8285714285714285
70,27,LOGIS,0.8
70,27,SVM,0.7857142857142858
70,27,KNN,0.7428571428571429
70,27,RF,0.7428571428571429
70,27,XGB,0.7285714285714285
70,28,LOGIS,0.8857142857142858
70,28,SVM,0.8714285714285713
70,28,KNN,0.8571428571428571
70,28,RF,0.8714285714285713
70,28,XGB,0.8428571428571429
70,29,LOGIS,0.7285714285714285
70,29,SVM,0.7285714285714285
70,29,KNN,0.7571428571428572
70,29,RF,0.8142857142857143
70,29,XGB,0.7428571428571429
80,0,LOGIS,0.7625
80,0,SVM,0.75
80,0,KNN,0.7125
80,0,RF,0.7375
80,0,XGB,0.7625
80,1,LOGIS,0.675
80,1,SVM,0.7875
80,1,KNN,0.7125
80,1,RF,0.7875
80,1,XGB,0.8
80,2,LOGIS,0.8125
80,2,SVM,0.7625
80,2,KNN,0.7125
80,2,RF,0.8375
80,2,XGB,0.7625
80,3,LOGIS,0.8375
80,3,SVM,0.8625
80,3,KNN,0.7875
80,3,RF,0.85
80,3,XGB,0.825
80,4,LOGIS,0.8125
80,4,SVM,0.8125
80,4,KNN,0.775
80,4,RF,0.825
80,4,XGB,0.8
80,5,LOGIS,0.775
80,5,SVM,0.75
80,5,KNN,0.7375
80,5,RF,0.725
80,5,XGB,0.725
80,6,LOGIS,0.8625
80,6,SVM,0.7625
80,6,KNN,0.7
80,6,RF,0.775
80,6,XGB,0.7625
80,7,LOGIS,0.7
80,7,SVM,0.7
80,7,KNN,0.6875
80,7,RF,0.75
80,7,XGB,0.6625
80,8,LOGIS,0.8
80,8,SVM,0.75
80,8,KNN,0.6875
80,8,RF,0.65
80,8,XGB,0.725
80,9,LOGIS,0.8125
80,9,SVM,0.8125
80,9,KNN,0.775
80,9,RF,0.7625
80,9,XGB,0.7625
80,10,LOGIS,0.7375
80,10,SVM,0.7625
80,10,KNN,0.75
80,10,RF,0.7625
80,10,XGB,0.75
80,11,LOGIS,0.75
80,11,SVM,0.75
80,11,KNN,0.75
80,11,RF,0.7
80,11,XGB,0.7625
80,12,LOGIS,0.725
80,12,SVM,0.675
80,12,KNN,0.6375
80,12,RF,0.7
80,12,XGB,0.725
80,13,LOGIS,0.9
80,13,SVM,0.8875
80,13,KNN,0.85
80,13,RF,0.8875
80,13,XGB,0.85
80,14,LOGIS,0.775
80,14,SVM,0.7125
80,14,KNN,0.6875
80,14,RF,0.7375
80,14,XGB,0.7875
80,15,LOGIS,0.8375
80,15,SVM,0.675
80,15,KNN,0.6625
80,15,RF,0.75
80,15,XGB,0.7
80,16,LOGIS,0.7875
80,16,SVM,0.8125
80,16,KNN,0.7875
80,16,RF,0.7875
80,16,XGB,0.825
80,17,LOGIS,0.75
80,17,SVM,0.7625
80,17,KNN,0.6875
80,17,RF,0.75
80,17,XGB,0.7375
80,18,LOGIS,0.8625
80,18,SVM,0.7375
80,18,KNN,0.7125
80,18,RF,0.725
80,18,XGB,0.7625
80,19,LOGIS,0.8
80,19,SVM,0.7625
80,19,KNN,0.7125
80,19,RF,0.75
80,19,XGB,0.75
80,20,LOGIS,0.8125
80,20,SVM,0.7625
80,20,KNN,0.7375
80,20,RF,0.75
80,20,XGB,0.7125
80,21,LOGIS,0.7375
80,21,SVM,0.75
80,21,KNN,0.775
80,21,RF,0.7375
80,21,XGB,0.7625
80,22,LOGIS,0.8
80,22,SVM,0.6875
80,22,KNN,0.6875
80,22,RF,0.6875
80,22,XGB,0.675
80,23,LOGIS,0.8
80,23,SVM,0.7125
80,23,KNN,0.625
80,23,RF,0.7375
80,23,XGB,0.725
80,24,LOGIS,0.9
80,24,SVM,0.7875
80,24,KNN,0.7375
80,24,RF,0.8
80,24,XGB,0.8375
80,25,LOGIS,0.825
80,25,SVM,0.7625
80,25,KNN,0.675
80,25,RF,0.7625
80,25,XGB,0.7375
80,26,LOGIS,0.875
80,26,SVM,0.875
80,26,KNN,0.8375
80,26,RF,0.8625
80,26,XGB,0.85
80,27,LOGIS,0.7375
80,27,SVM,0.7125
80,27,KNN,0.6625
80,27,RF,0.725
80,27,XGB,0.75
80,28,LOGIS,0.8375
80,28,SVM,0.8625
80,28,KNN,0.8375
80,28,RF,0.825
80,28,XGB,0.8
80,29,LOGIS,0.85
80,29,SVM,0.6875
80,29,KNN,0.7
80,29,RF,0.6625
80,29,XGB,0.7
90,0,LOGIS,0.7777777777777778
90,0,SVM,0.788888888888889
90,0,KNN,0.7333333333333333
90,0,RF,0.7666666666666667
90,0,XGB,0.7666666666666667
90,1,LOGIS,0.7888888888888889
90,1,SVM,0.8111111111111111
90,1,KNN,0.8222222222222222
90,1,RF,0.8111111111111111
90,1,XGB,0.7999999999999999
90,2,LOGIS,0.9
90,2,SVM,0.8444444444444443
90,2,KNN,0.8444444444444444
90,2,RF,0.8222222222222222
90,2,XGB,0.8555555555555555
90,3,LOGIS,0.9555555555555555
90,3,SVM,0.8444444444444443
90,3,KNN,0.8555555555555555
90,3,RF,0.8444444444444444
90,3,XGB,0.8333333333333333
90,4,LOGIS,0.7777777777777778
90,4,SVM,0.7666666666666666
90,4,KNN,0.7555555555555556
90,4,RF,0.7444444444444445
90,4,XGB,0.7222222222222221
90,5,LOGIS,0.8333333333333333
90,5,SVM,0.7222222222222222
90,5,KNN,0.6888888888888889
90,5,RF,0.7444444444444445
90,5,XGB,0.7222222222222222
90,6,LOGIS,0.7888888888888889
90,6,SVM,0.8
90,6,KNN,0.7555555555555555
90,6,RF,0.7777777777777778
90,6,XGB,0.8
90,7,LOGIS,0.7555555555555554
90,7,SVM,0.7222222222222222
90,7,KNN,0.7111111111111111
90,7,RF,0.7555555555555555
90,7,XGB,0.8
90,8,LOGIS,0.8666666666666666
90,8,SVM,0.8333333333333333
90,8,KNN,0.7888888888888889
90,8,RF,0.8333333333333333
90,8,XGB,0.7666666666666667
90,9,LOGIS,0.8111111111111111
90,9,SVM,0.7555555555555556
90,9,KNN,0.7666666666666668
90,9,RF,0.7444444444444445
90,9,XGB,0.7666666666666667
90,10,LOGIS,0.8222222222222223
90,10,SVM,0.8444444444444444
90,10,KNN,0.7666666666666666
90,10,RF,0.8111111111111111
90,10,XGB,0.7
90,11,LOGIS,0.8444444444444444
90,11,SVM,0.7777777777777779
90,11,KNN,0.7333333333333333
90,11,RF,0.7555555555555555
90,11,XGB,0.7444444444444445
90,12,LOGIS,0.8222222222222222
90,12,SVM,0.7444444444444445
90,12,KNN,0.7333333333333333
90,12,RF,0.7555555555555555
90,12,XGB,0.788888888888889
90,13,LOGIS,0.8666666666666666
90,13,SVM,0.7777777777777779
90,13,KNN,0.7777777777777779
90,13,RF,0.8333333333333333
90,13,XGB,0.7777777777777778
90,14,LOGIS,0.8333333333333333
90,14,SVM,0.8222222222222222
90,14,KNN,0.7666666666666667
90,14,RF,0.8222222222222222
90,14,XGB,0.7777777777777778
90,15,LOGIS,0.8111111111111111
90,15,SVM,0.7555555555555556
90,15,KNN,0.6888888888888889
90,15,RF,0.711111111111111
90,15,XGB,0.7444444444444445
90,16,LOGIS,0.8333333333333334
90,16,SVM,0.8111111111111111
90,16,KNN,0.7666666666666666
90,16,RF,0.7888888888888889
90,16,XGB,0.7666666666666667
90,17,LOGIS,0.8222222222222223
90,17,SVM,0.8111111111111111
90,17,KNN,0.7222222222222221
90,17,RF,0.7333333333333333
90,17,XGB,0.8111111111111111
90,18,LOGIS,0.8333333333333334
90,18,SVM,0.8111111111111111
90,18,KNN,0.7222222222222223
90,18,RF,0.7777777777777778
90,18,XGB,0.7666666666666666
90,19,LOGIS,0.788888888888889
90,19,SVM,0.7777777777777778
90,19,KNN,0.7222222222222222
90,19,RF,0.7777777777777779
90,19,XGB,0.7555555555555556
90,20,LOGIS,0.8222222222222222
90,20,SVM,0.7555555555555555
90,20,KNN,0.7555555555555555
90,20,RF,0.7444444444444445
90,20,XGB,0.7333333333333333
90,21,LOGIS,0.788888888888889
90,21,SVM,0.7222222222222222
90,21,KNN,0.6333333333333334
90,21,RF,0.7444444444444445
90,21,XGB,0.7555555555555554
90,22,LOGIS,0.8222222222222222
90,22,SVM,0.7777777777777778
90,22,KNN,0.7444444444444445
90,22,RF,0.7555555555555556
90,22,XGB,0.8
90,23,LOGIS,0.7999999999999999
90,23,SVM,0.8
90,23,KNN,0.7777777777777778
90,23,RF,0.7666666666666667
90,23,XGB,0.8
90,24,LOGIS,0.7555555555555555
90,24,SVM,0.8333333333333334
90,24,KNN,0.788888888888889
90,24,RF,0.7777777777777778
90,24,XGB,0.7444444444444445
90,25,LOGIS,0.9222222222222222
90,25,SVM,0.8222222222222223
90,25,KNN,0.8
90,25,RF,0.8222222222222222
90,25,XGB,0.7777777777777778
90,26,LOGIS,0.8555555555555555
90,26,SVM,0.7777777777777777
90,26,KNN,0.7333333333333333
90,26,RF,0.8111111111111111
90,26,XGB,0.788888888888889
90,27,LOGIS,0.8444444444444444
90,27,SVM,0.7555555555555555
90,27,KNN,0.7777777777777778
90,27,RF,0.7777777777777778
90,27,XGB,0.8111111111111111
90,28,LOGIS,0.7555555555555555
90,28,SVM,0.7111111111111111
90,28,KNN,0.6888888888888889
90,28,RF,0.7333333333333333
90,28,XGB,0.7555555555555555
90,29,LOGIS,0.8
90,29,SVM,0.788888888888889
90,29,KNN,0.7666666666666667
90,29,RF,0.8222222222222222
90,29,XGB,0.8111111111111111
100,0,LOGIS,0.8699999999999999
100,0,SVM,0.8699999999999999
100,0,KNN,0.8
100,0,RF,0.8399999999999999
100,0,XGB,0.8400000000000001
100,1,LOGIS,0.75
100,1,SVM,0.7
100,1,KNN,0.66
100,1,RF,0.69
100,1,XGB,0.7
100,2,LOGIS,0.82
100,2,SVM,0.8400000000000001
100,2,KNN,0.79
100,2,RF,0.8200000000000001
100,2,XGB,0.77
100,3,LOGIS,0.8099999999999999
100,3,SVM,0.8099999999999999
100,3,KNN,0.7699999999999999
100,3,RF,0.82
100,3,XGB,0.8
100,4,LOGIS,0.82
100,4,SVM,0.8299999999999998
100,4,KNN,0.79
100,4,RF,0.86
100,4,XGB,0.82
100,5,LOGIS,0.78
100,5,SVM,0.7
100,5,KNN,0.6699999999999999
100,5,RF,0.64
100,5,XGB,0.6900000000000002
100,6,LOGIS,0.8
100,6,SVM,0.76
100,6,KNN,0.6900000000000001
100,6,RF,0.75
100,6,XGB,0.7700000000000001
100,7,LOGIS,0.8
100,7,SVM,0.82
100,7,KNN,0.76
100,7,RF,0.7699999999999999
100,7,XGB,0.76
100,8,LOGIS,0.8200000000000001
100,8,SVM,0.8099999999999999
100,8,KNN,0.82
100,8,RF,0.76
100,8,XGB,0.74
100,9,LOGIS,0.8800000000000001
100,9,SVM,0.86
100,9,KNN,0.7899999999999999
100,9,RF,0.8300000000000001
100,9,XGB,0.8100000000000002
100,10,LOGIS,0.8300000000000001
100,10,SVM,0.75
100,10,KNN,0.7
100,10,RF,0.77
100,10,XGB,0.8
100,11,LOGIS,0.8
100,11,SVM,0.76
100,11,KNN,0.69
100,11,RF,0.72
100,11,XGB,0.68
100,12,LOGIS,0.8299999999999998
100,12,SVM,0.79
100,12,KNN,0.76
100,12,RF,0.7899999999999999
100,12,XGB,0.76
100,13,LOGIS,0.7299999999999999
100,13,SVM,0.6799999999999999
100,13,KNN,0.6599999999999999
100,13,RF,0.71
100,13,XGB,0.7300000000000001
100,14,LOGIS,0.76
100,14,SVM,0.77
100,14,KNN,0.76
100,14,RF,0.7499999999999999
100,14,XGB,0.74
100,15,LOGIS,0.7299999999999999
100,15,SVM,0.7700000000000001
100,15,KNN,0.6799999999999999
100,15,RF,0.7100000000000001
100,15,XGB,0.65
100,16,LOGIS,0.85
100,16,SVM,0.8800000000000001
100,16,KNN,0.8400000000000001
100,16,RF,0.85
100,16,XGB,0.8400000000000001
100,17,LOGIS,0.71
100,17,SVM,0.76
100,17,KNN,0.77
100,17,RF,0.7300000000000001
100,17,XGB,0.7300000000000001
100,18,LOGIS,0.7699999999999999
100,18,SVM,0.7699999999999999
100,18,KNN,0.7100000000000001
100,18,RF,0.7499999999999999
100,18,XGB,0.73
100,19,LOGIS,0.8800000000000001
100,19,SVM,0.8500000000000002
100,19,KNN,0.7699999999999999
100,19,RF,0.79
100,19,XGB,0.8099999999999999
100,20,LOGIS,0.7799999999999999
100,20,SVM,0.74
100,20,KNN,0.6900000000000001
100,20,RF,0.73
100,20,XGB,0.6899999999999998
100,21,LOGIS,0.85
100,21,SVM,0.75
100,21,KNN,0.7999999999999999
100,21,RF,0.75
100,21,XGB,0.74
100,22,LOGIS,0.77
100,22,SVM,0.75
100,22,KNN,0.6699999999999999
100,22,RF,0.7300000000000001
100,22,XGB,0.74
100,23,LOGIS,0.7699999999999999
100,23,SVM,0.82
100,23,KNN,0.8
100,23,RF,0.82
100,23,XGB,0.82
100,24,LOGIS,0.8400000000000001
100,24,SVM,0.74
100,24,KNN,0.76
100,24,RF,0.73
100,24,XGB,0.75
100,25,LOGIS,0.8699999999999999
100,25,SVM,0.74
100,25,KNN,0.74
100,25,RF,0.71
100,25,XGB,0.7
100,26,LOGIS,0.8400000000000001
100,26,SVM,0.8099999999999999
100,26,KNN,0.8
100,26,RF,0.79
100,26,XGB,0.7500000000000001
100,27,LOGIS,0.8299999999999998
100,27,SVM,0.8
100,27,KNN,0.75
100,27,RF,0.7
100,27,XGB,0.6799999999999999
100,28,LOGIS,0.75
100,28,SVM,0.6899999999999998
100,28,KNN,0.65
100,28,RF,0.72
100,28,XGB,0.71
100,29,LOGIS,0.7899999999999999
100,29,SVM,0.77
100,29,KNN,0.75
100,29,RF,0.73
100,29,XGB,0.75
110,0,LOGIS,0.7454545454545455
110,0,SVM,0.7272727272727272
110,0,KNN,0.7454545454545455
110,0,RF,0.7272727272727273
110,0,XGB,0.7
110,1,LOGIS,0.8545454545454547
110,1,SVM,0.781818181818182
110,1,KNN,0.7909090909090909
110,1,RF,0.8
110,1,XGB,0.7727272727272728
110,2,LOGIS,0.8909090909090909
110,2,SVM,0.7363636363636363
110,2,KNN,0.7272727272727272
110,2,RF,0.7272727272727273
110,2,XGB,0.7363636363636363
110,3,LOGIS,0.8363636363636363
110,3,SVM,0.790909090909091
110,3,KNN,0.7545454545454546
110,3,RF,0.8181818181818181
110,3,XGB,0.7818181818181819
110,4,LOGIS,0.8818181818181818
110,4,SVM,0.8545454545454545
110,4,KNN,0.8
110,4,RF,0.8181818181818183
110,4,XGB,0.8181818181818181
110,5,LOGIS,0.8
110,5,SVM,0.7545454545454545
110,5,KNN,0.6727272727272727
110,5,RF,0.7
110,5,XGB,0.6818181818181819
110,6,LOGIS,0.8272727272727274
110,6,SVM,0.7727272727272727
110,6,KNN,0.7
110,6,RF,0.7272727272727273
110,6,XGB,0.7181818181818181
110,7,LOGIS,0.8363636363636363
110,7,SVM,0.7727272727272728
110,7,KNN,0.7727272727272727
110,7,RF,0.8
110,7,XGB,0.7636363636363637
110,8,LOGIS,0.8272727272727274
110,8,SVM,0.8363636363636363
110,8,KNN,0.7909090909090908
110,8,RF,0.8545454545454547
110,8,XGB,0.8363636363636363
110,9,LOGIS,0.8272727272727274
110,9,SVM,0.8272727272727274
110,9,KNN,0.8181818181818181
110,9,RF,0.809090909090909
110,9,XGB,0.8
110,10,LOGIS,0.7272727272727273
110,10,SVM,0.6545454545454545
110,10,KNN,0.6454545454545454
110,10,RF,0.6454545454545454
110,10,XGB,0.6363636363636364
110,11,LOGIS,0.8181818181818181
110,11,SVM,0.7727272727272727
110,11,KNN,0.7272727272727272
110,11,RF,0.718181818181818
110,11,XGB,0.7454545454545454
110,12,LOGIS,0.790909090909091
110,12,SVM,0.790909090909091
110,12,KNN,0.7
110,12,RF,0.7363636363636364
110,12,XGB,0.781818181818182
110,13,LOGIS,0.7727272727272727
110,13,SVM,0.7727272727272727
110,13,KNN,0.7090909090909092
110,13,RF,0.7454545454545455
110,13,XGB,0.7090909090909091
110,14,LOGIS,0.9454545454545455
110,14,SVM,0.8
110,14,KNN,0.7909090909090909
110,14,RF,0.8272727272727274
110,14,XGB,0.8272727272727274
110,15,LOGIS,0.7545454545454546
110,15,SVM,0.8272727272727274
110,15,KNN,0.7909090909090909
110,15,RF,0.8090909090909092
110,15,XGB,0.7727272727272727
110,16,LOGIS,0.7818181818181819
110,16,SVM,0.8
110,16,KNN,0.7454545454545455
110,16,RF,0.8
110,16,XGB,0.7636363636363637
110,17,LOGIS,0.8909090909090909
110,17,SVM,0.7363636363636363
110,17,KNN,0.6818181818181819
110,17,RF,0.7272727272727273
110,17,XGB,0.6818181818181819
110,18,LOGIS,0.8
110,18,SVM,0.7636363636363637
110,18,KNN,0.7090909090909092
110,18,RF,0.7636363636363634
110,18,XGB,0.6818181818181819
110,19,LOGIS,0.8181818181818181
110,19,SVM,0.8181818181818181
110,19,KNN,0.8181818181818181
110,19,RF,0.7727272727272727
110,19,XGB,0.8090909090909092
110,20,LOGIS,0.790909090909091
110,20,SVM,0.7181818181818181
110,20,KNN,0.6909090909090908
110,20,RF,0.7272727272727273
110,20,XGB,0.7545454545454545
110,21,LOGIS,0.8
110,21,SVM,0.8090909090909092
110,21,KNN,0.8
110,21,RF,0.809090909090909
110,21,XGB,0.7818181818181819
110,22,LOGIS,0.790909090909091
110,22,SVM,0.7363636363636363
110,22,KNN,0.7363636363636363
110,22,RF,0.7363636363636363
110,22,XGB,0.7636363636363637
110,23,LOGIS,0.8818181818181818
110,23,SVM,0.8636363636363636
110,23,KNN,0.8545454545454545
110,23,RF,0.8454545454545455
110,23,XGB,0.8272727272727272
110,24,LOGIS,0.7727272727272727
110,24,SVM,0.7181818181818181
110,24,KNN,0.7
110,24,RF,0.7363636363636363
110,24,XGB,0.690909090909091
110,25,LOGIS,0.7545454545454545
110,25,SVM,0.7545454545454545
110,25,KNN,0.7545454545454545
110,25,RF,0.7
110,25,XGB,0.7727272727272727
110,26,LOGIS,0.8181818181818181
110,26,SVM,0.8
110,26,KNN,0.7363636363636364
110,26,RF,0.7636363636363637
110,26,XGB,0.8181818181818183
110,27,LOGIS,0.7818181818181816
110,27,SVM,0.7545454545454546
110,27,KNN,0.7181818181818181
110,27,RF,0.7636363636363636
110,27,XGB,0.7363636363636363
110,28,LOGIS,0.8545454545454545
110,28,SVM,0.7727272727272727
110,28,KNN,0.8
110,28,RF,0.7636363636363638
110,28,XGB,0.7454545454545456
110,29,LOGIS,0.8090909090909092
110,29,SVM,0.7454545454545455
110,29,KNN,0.6818181818181818
110,29,RF,0.7272727272727273
110,29,XGB,0.7454545454545455
120,0,LOGIS,0.8
120,0,SVM,0.7916666666666666
120,0,KNN,0.7833333333333334
120,0,RF,0.7833333333333334
120,0,XGB,0.7833333333333333
120,1,LOGIS,0.8083333333333332
120,1,SVM,0.75
120,1,KNN,0.7416666666666667
120,1,RF,0.725
120,1,XGB,0.7333333333333333
120,2,LOGIS,0.7916666666666666
120,2,SVM,0.7666666666666666
120,2,KNN,0.7583333333333333
120,2,RF,0.7833333333333333
120,2,XGB,0.8083333333333333
120,3,LOGIS,0.8
120,3,SVM,0.7666666666666667
120,3,KNN,0.7499999999999999
120,3,RF,0.7416666666666667
120,3,XGB,0.7416666666666667
120,4,LOGIS,0.825
120,4,SVM,0.7833333333333332
120,4,KNN,0.8083333333333332
120,4,RF,0.7833333333333334
120,4,XGB,0.7833333333333333
120,5,LOGIS,0.8833333333333332
120,5,SVM,0.875
120,5,KNN,0.825
120,5,RF,0.825
120,5,XGB,0.8583333333333334
120,6,LOGIS,0.8583333333333334
120,6,SVM,0.7833333333333333
120,6,KNN,0.75
120,6,RF,0.7916666666666667
120,6,XGB,0.7916666666666666
120,7,LOGIS,0.825
120,7,SVM,0.8416666666666668
120,7,KNN,0.7666666666666667
120,7,RF,0.825
120,7,XGB,0.8083333333333333
120,8,LOGIS,0.8166666666666667
120,8,SVM,0.8416666666666668
120,8,KNN,0.7916666666666666
120,8,RF,0.85
120,8,XGB,0.8583333333333334
120,9,LOGIS,0.8333333333333334
120,9,SVM,0.75
120,9,KNN,0.7583333333333334
120,9,RF,0.7416666666666667
120,9,XGB,0.7583333333333334
120,10,LOGIS,0.7583333333333333
120,10,SVM,0.7583333333333334
120,10,KNN,0.7583333333333334
120,10,RF,0.7666666666666667
120,10,XGB,0.825
120,11,LOGIS,0.8416666666666668
120,11,SVM,0.7916666666666667
120,11,KNN,0.7833333333333333
120,11,RF,0.75
120,11,XGB,0.8
120,12,LOGIS,0.8416666666666666
120,12,SVM,0.7999999999999999
120,12,KNN,0.7416666666666667
120,12,RF,0.7916666666666666
120,12,XGB,0.775
120,13,LOGIS,0.7666666666666667
120,13,SVM,0.775
120,13,KNN,0.7916666666666666
120,13,RF,0.7166666666666667
120,13,XGB,0.775
120,14,LOGIS,0.7666666666666667
120,14,SVM,0.7166666666666668
120,14,KNN,0.6916666666666667
120,14,RF,0.675
120,14,XGB,0.6666666666666667
120,15,LOGIS,0.825
120,15,SVM,0.8
120,15,KNN,0.7166666666666667
120,15,RF,0.7666666666666667
120,15,XGB,0.8166666666666667
120,16,LOGIS,0.7833333333333334
120,16,SVM,0.7500000000000001
120,16,KNN,0.7083333333333334
120,16,RF,0.7833333333333333
120,16,XGB,0.7499999999999999
120,17,LOGIS,0.825
120,17,SVM,0.7583333333333334
120,17,KNN,0.7333333333333334
120,17,RF,0.7250000000000001
120,17,XGB,0.7249999999999999
120,18,LOGIS,0.8583333333333334
120,18,SVM,0.8333333333333334
120,18,KNN,0.8
120,18,RF,0.8083333333333333
120,18,XGB,0.8166666666666668
120,19,LOGIS,0.8416666666666666
120,19,SVM,0.85
120,19,KNN,0.8
120,19,RF,0.8166666666666667
120,19,XGB,0.825
120,20,LOGIS,0.8083333333333333
120,20,SVM,0.7416666666666667
120,20,KNN,0.7166666666666667
120,20,RF,0.7583333333333333
120,20,XGB,0.7666666666666667
120,21,LOGIS,0.7416666666666668
120,21,SVM,0.7833333333333333
120,21,KNN,0.75
120,21,RF,0.7166666666666667
120,21,XGB,0.7166666666666667
120,22,LOGIS,0.8916666666666668
120,22,SVM,0.8083333333333333
120,22,KNN,0.7666666666666666
120,22,RF,0.7833333333333333
120,22,XGB,0.8
120,23,LOGIS,0.8416666666666666
120,23,SVM,0.8166666666666668
120,23,KNN,0.7833333333333333
120,23,RF,0.7916666666666666
120,23,XGB,0.7583333333333333
120,24,LOGIS,0.8166666666666667
120,24,SVM,0.7833333333333333
120,24,KNN,0.7833333333333334
120,24,RF,0.775
120,24,XGB,0.7583333333333333
120,25,LOGIS,0.8666666666666666
120,25,SVM,0.7583333333333333
120,25,KNN,0.7333333333333334
120,25,RF,0.7583333333333334
120,25,XGB,0.775
120,26,LOGIS,0.8416666666666666
120,26,SVM,0.7833333333333333
120,26,KNN,0.7583333333333333
120,26,RF,0.7916666666666666
120,26,XGB,0.7416666666666667
120,27,LOGIS,0.8833333333333332
120,27,SVM,0.775
120,27,KNN,0.75
120,27,RF,0.7666666666666667
120,27,XGB,0.7749999999999999
120,28,LOGIS,0.8416666666666668
120,28,SVM,0.7916666666666666
120,28,KNN,0.7583333333333333
120,28,RF,0.75
120,28,XGB,0.75
120,29,LOGIS,0.7333333333333333
120,29,SVM,0.7166666666666666
120,29,KNN,0.7083333333333334
120,29,RF,0.6749999999999999
120,29,XGB,0.6
130,0,LOGIS,0.7538461538461537
130,0,SVM,0.7461538461538462
130,0,KNN,0.676923076923077
130,0,RF,0.7538461538461538
130,0,XGB,0.7692307692307693
130,1,LOGIS,0.8307692307692307
130,1,SVM,0.8076923076923077
130,1,KNN,0.7923076923076924
130,1,RF,0.823076923076923
130,1,XGB,0.7923076923076923
130,2,LOGIS,0.8153846153846155
130,2,SVM,0.7615384615384616
130,2,KNN,0.7461538461538462
130,2,RF,0.7384615384615384
130,2,XGB,0.7230769230769231
130,3,LOGIS,0.876923076923077
130,3,SVM,0.7615384615384615
130,3,KNN,0.7615384615384615
130,3,RF,0.7538461538461538
130,3,XGB,0.7307692307692308
130,4,LOGIS,0.7846153846153846
130,4,SVM,0.7692307692307693
130,4,KNN,0.7384615384615385
130,4,RF,0.7999999999999999
130,4,XGB,0.7538461538461538
130,5,LOGIS,0.7692307692307692
130,5,SVM,0.7923076923076924
130,5,KNN,0.7384615384615385
130,5,RF,0.7230769230769232
130,5,XGB,0.6923076923076923
130,6,LOGIS,0.7923076923076923
130,6,SVM,0.7461538461538462
130,6,KNN,0.7
130,6,RF,0.723076923076923
130,6,XGB,0.7461538461538462
130,7,LOGIS,0.7846153846153847
130,7,SVM,0.776923076923077
130,7,KNN,0.7923076923076924
130,7,RF,0.7461538461538462
130,7,XGB,0.7461538461538462
130,8,LOGIS,0.8384615384615385
130,8,SVM,0.8538461538461538
130,8,KNN,0.7461538461538462
130,8,RF,0.7538461538461538
130,8,XGB,0.7692307692307694
130,9,LOGIS,0.8846153846153847
130,9,SVM,0.8
130,9,KNN,0.7384615384615385
130,9,RF,0.8153846153846155
130,9,XGB,0.8384615384615385
130,10,LOGIS,0.8538461538461538
130,10,SVM,0.8
130,10,KNN,0.7384615384615384
130,10,RF,0.7615384615384616
130,10,XGB,0.7769230769230769
130,11,LOGIS,0.7615384615384616
130,11,SVM,0.6846153846153846
130,11,KNN,0.6692307692307693
130,11,RF,0.6923076923076923
130,11,XGB,0.7461538461538461
130,12,LOGIS,0.8384615384615385
130,12,SVM,0.7692307692307693
130,12,KNN,0.7769230769230769
130,12,RF,0.7692307692307692
130,12,XGB,0.7307692307692308
130,13,LOGIS,0.8923076923076924
130,13,SVM,0.8384615384615385
130,13,KNN,0.7923076923076924
130,13,RF,0.8
130,13,XGB,0.8153846153846154
130,14,LOGIS,0.8615384615384615
130,14,SVM,0.7307692307692306
130,14,KNN,0.7076923076923076
130,14,RF,0.723076923076923
130,14,XGB,0.7307692307692307
130,15,LOGIS,0.8230769230769232
130,15,SVM,0.8384615384615385
130,15,KNN,0.8384615384615385
130,15,RF,0.8307692307692308
130,15,XGB,0.8384615384615385
130,16,LOGIS,0.823076923076923
130,16,SVM,0.8307692307692308
130,16,KNN,0.7923076923076923
130,16,RF,0.8
130,16,XGB,0.8307692307692308
130,17,LOGIS,0.7
130,17,SVM,0.7307692307692307
130,17,KNN,0.7076923076923076
130,17,RF,0.7615384615384615
130,17,XGB,0.7153846153846154
130,18,LOGIS,0.7923076923076924
130,18,SVM,0.7461538461538462
130,18,KNN,0.723076923076923
130,18,RF,0.7
130,18,XGB,0.7615384615384615
130,19,LOGIS,0.8384615384615385
130,19,SVM,0.8076923076923077
130,19,KNN,0.8384615384615384
130,19,RF,0.8
130,19,XGB,0.8076923076923077
130,20,LOGIS,0.823076923076923
130,20,SVM,0.7923076923076924
130,20,KNN,0.7615384615384615
130,20,RF,0.7923076923076924
130,20,XGB,0.8307692307692308
130,21,LOGIS,0.7923076923076924
130,21,SVM,0.7692307692307693
130,21,KNN,0.7307692307692307
130,21,RF,0.7538461538461537
130,21,XGB,0.6615384615384615
130,22,LOGIS,0.8076923076923077
130,22,SVM,0.8076923076923077
130,22,KNN,0.7846153846153847
130,22,RF,0.776923076923077
130,22,XGB,0.7384615384615385
130,23,LOGIS,0.7076923076923076
130,23,SVM,0.7076923076923076
130,23,KNN,0.6615384615384615
130,23,RF,0.6846153846153846
130,23,XGB,0.7384615384615385
130,24,LOGIS,0.8153846153846155
130,24,SVM,0.7538461538461538
130,24,KNN,0.7923076923076924
130,24,RF,0.7846153846153847
130,24,XGB,0.7615384615384615
130,25,LOGIS,0.8
130,25,SVM,0.7384615384615385
130,25,KNN,0.7076923076923076
130,25,RF,0.7461538461538462
130,25,XGB,0.7538461538461538
130,26,LOGIS,0.823076923076923
130,26,SVM,0.7307692307692308
130,26,KNN,0.7307692307692308
130,26,RF,0.7153846153846154
130,26,XGB,0.7153846153846153
130,27,LOGIS,0.8384615384615384
130,27,SVM,0.7384615384615385
130,27,KNN,0.7384615384615385
130,27,RF,0.7230769230769231
130,27,XGB,0.6461538461538462
130,28,LOGIS,0.8384615384615385
130,28,SVM,0.7846153846153847
130,28,KNN,0.7461538461538462
130,28,RF,0.7923076923076923
130,28,XGB,0.7461538461538462
130,29,LOGIS,0.8153846153846154
130,29,SVM,0.7923076923076922
130,29,KNN,0.7923076923076923
130,29,RF,0.7769230769230769
130,29,XGB,0.7692307692307692
140,0,LOGIS,0.9
140,0,SVM,0.8214285714285715
140,0,KNN,0.7785714285714287
140,0,RF,0.7214285714285714
140,0,XGB,0.7642857142857142
140,1,LOGIS,0.85
140,1,SVM,0.8142857142857143
140,1,KNN,0.7642857142857142
140,1,RF,0.7571428571428571
140,1,XGB,0.8
140,2,LOGIS,0.85
140,2,SVM,0.8071428571428572
140,2,KNN,0.7785714285714286
140,2,RF,0.8
140,2,XGB,0.7714285714285715
140,3,LOGIS,0.85
140,3,SVM,0.8285714285714285
140,3,KNN,0.7857142857142857
140,3,RF,0.7928571428571427
140,3,XGB,0.8
140,4,LOGIS,0.85
140,4,SVM,0.7642857142857143
140,4,KNN,0.7642857142857143
140,4,RF,0.7357142857142857
140,4,XGB,0.7571428571428571
140,5,LOGIS,0.7857142857142858
140,5,SVM,0.7357142857142858
140,5,KNN,0.7142857142857142
140,5,RF,0.7428571428571429
140,5,XGB,0.7357142857142857
140,6,LOGIS,0.8285714285714285
140,6,SVM,0.8
140,6,KNN,0.7714285714285715
140,6,RF,0.7571428571428572
140,6,XGB,0.7142857142857143
140,7,LOGIS,0.7785714285714286
140,7,SVM,0.7642857142857142
140,7,KNN,0.7785714285714286
140,7,RF,0.7571428571428572
140,7,XGB,0.7357142857142858
140,8,LOGIS,0.8642857142857142
140,8,SVM,0.7214285714285713
140,8,KNN,0.7142857142857142
140,8,RF,0.7071428571428571
140,8,XGB,0.7285714285714286
140,9,LOGIS,0.8071428571428572
140,9,SVM,0.8142857142857143
140,9,KNN,0.75
140,9,RF,0.8071428571428572
140,9,XGB,0.8071428571428572
140,10,LOGIS,0.8285714285714285
140,10,SVM,0.692857142857143
140,10,KNN,0.6642857142857143
140,10,RF,0.7071428571428572
140,10,XGB,0.6785714285714286
140,11,LOGIS,0.8428571428571429
140,11,SVM,0.7642857142857143
140,11,KNN,0.7214285714285713
140,11,RF,0.7714285714285715
140,11,XGB,0.7500000000000001
140,12,LOGIS,0.8571428571428571
140,12,SVM,0.8428571428571429
140,12,KNN,0.8142857142857143
140,12,RF,0.8428571428571429
140,12,XGB,0.85
140,13,LOGIS,0.8357142857142857
140,13,SVM,0.7857142857142858
140,13,KNN,0.75
140,13,RF,0.7928571428571428
140,13,XGB,0.7857142857142858
140,14,LOGIS,0.8642857142857142
140,14,SVM,0.7642857142857142
140,14,KNN,0.7499999999999999
140,14,RF,0.7642857142857145
140,14,XGB,0.75
140,15,LOGIS,0.8357142857142857
140,15,SVM,0.7857142857142857
140,15,KNN,0.7142857142857143
140,15,RF,0.7285714285714286
140,15,XGB,0.7785714285714287
140,16,LOGIS,0.8285714285714286
140,16,SVM,0.7428571428571429
140,16,KNN,0.7357142857142858
140,16,RF,0.7571428571428571
140,16,XGB,0.7571428571428571
140,17,LOGIS,0.8428571428571429
140,17,SVM,0.8071428571428572
140,17,KNN,0.7928571428571429
140,17,RF,0.8285714285714285
140,17,XGB,0.8142857142857143
140,18,LOGIS,0.75
140,18,SVM,0.8
140,18,KNN,0.7642857142857142
140,18,RF,0.7357142857142858
140,18,XGB,0.7642857142857143
140,19,LOGIS,0.7642857142857142
140,19,SVM,0.8142857142857143
140,19,KNN,0.8142857142857143
140,19,RF,0.8357142857142857
140,19,XGB,0.8214285714285715
140,20,LOGIS,0.7642857142857143
140,20,SVM,0.7499999999999999
140,20,KNN,0.7571428571428572
140,20,RF,0.7142857142857142
140,20,XGB,0.7142857142857142
140,21,LOGIS,0.8857142857142858
140,21,SVM,0.8142857142857143
140,21,KNN,0.7714285714285714
140,21,RF,0.7642857142857142
140,21,XGB,0.8071428571428572
140,22,LOGIS,0.8571428571428571
140,22,SVM,0.7714285714285715
140,22,KNN,0.6857142857142857
140,22,RF,0.7214285714285713
140,22,XGB,0.7428571428571429
140,23,LOGIS,0.8071428571428572
140,23,SVM,0.8071428571428572
140,23,KNN,0.7857142857142858
140,23,RF,0.7785714285714287
140,23,XGB,0.75
140,24,LOGIS,0.85
140,24,SVM,0.8357142857142857
140,24,KNN,0.8142857142857143
140,24,RF,0.8285714285714285
140,24,XGB,0.8285714285714285
140,25,LOGIS,0.7857142857142858
140,25,SVM,0.7857142857142856
140,25,KNN,0.7285714285714284
140,25,RF,0.7928571428571429
140,25,XGB,0.7357142857142858
140,26,LOGIS,0.8214285714285715
140,26,SVM,0.7785714285714287
140,26,KNN,0.7571428571428572
140,26,RF,0.7571428571428571
140,26,XGB,0.7285714285714285
140,27,LOGIS,0.7428571428571428
140,27,SVM,0.7428571428571429
140,27,KNN,0.7214285714285715
140,27,RF,0.7714285714285715
140,27,XGB,0.7142857142857144
140,28,LOGIS,0.8285714285714286
140,28,SVM,0.7714285714285715
140,28,KNN,0.7214285714285713
140,28,RF,0.8
140,28,XGB,0.7428571428571429
140,29,LOGIS,0.8642857142857142
140,29,SVM,0.8
140,29,KNN,0.7714285714285714
140,29,RF,0.7642857142857142
140,29,XGB,0.7714285714285715
150,0,LOGIS,0.8200000000000001
150,0,SVM,0.7533333333333333
150,0,KNN,0.76
150,0,RF,0.7466666666666667
150,0,XGB,0.7266666666666667
150,1,LOGIS,0.8133333333333332
150,1,SVM,0.7666666666666666
150,1,KNN,0.76
150,1,RF,0.7466666666666667
150,1,XGB,0.7866666666666667
150,2,LOGIS,0.8866666666666667
150,2,SVM,0.78
150,2,KNN,0.74
150,2,RF,0.7866666666666667
150,2,XGB,0.7733333333333333
150,3,LOGIS,0.74
150,3,SVM,0.6933333333333332
150,3,KNN,0.6666666666666667
150,3,RF,0.72
150,3,XGB,0.7466666666666667
150,4,LOGIS,0.8333333333333334
150,4,SVM,0.7666666666666666
150,4,KNN,0.72
150,4,RF,0.7333333333333334
150,4,XGB,0.7666666666666668
150,5,LOGIS,0.8533333333333333
150,5,SVM,0.7666666666666666
150,5,KNN,0.7466666666666667
150,5,RF,0.76
150,5,XGB,0.76
150,6,LOGIS,0.7933333333333333
150,6,SVM,0.7666666666666666
150,6,KNN,0.76
150,6,RF,0.7933333333333332
150,6,XGB,0.7533333333333332
150,7,LOGIS,0.8533333333333333
150,7,SVM,0.7933333333333333
150,7,KNN,0.78
150,7,RF,0.7466666666666667
150,7,XGB,0.7333333333333332
150,8,LOGIS,0.82
150,8,SVM,0.82
150,8,KNN,0.78
150,8,RF,0.78
150,8,XGB,0.7466666666666667
150,9,LOGIS,0.8133333333333332
150,9,SVM,0.7666666666666666
150,9,KNN,0.7533333333333332
150,9,RF,0.7733333333333333
150,9,XGB,0.7466666666666667
150,10,LOGIS,0.7733333333333333
150,10,SVM,0.8266666666666668
150,10,KNN,0.7933333333333333
150,10,RF,0.7933333333333333
150,10,XGB,0.8
150,11,LOGIS,0.8133333333333332
150,11,SVM,0.7666666666666666
150,11,KNN,0.7733333333333334
150,11,RF,0.7933333333333333
150,11,XGB,0.7666666666666667
150,12,LOGIS,0.76
150,12,SVM,0.7733333333333333
150,12,KNN,0.7533333333333333
150,12,RF,0.7866666666666667
150,12,XGB,0.7866666666666667
150,13,LOGIS,0.8666666666666666
150,13,SVM,0.76
150,13,KNN,0.7333333333333332
150,13,RF,0.7466666666666667
150,13,XGB,0.8066666666666666
150,14,LOGIS,0.8666666666666668
150,14,SVM,0.78
150,14,KNN,0.7333333333333333
150,14,RF,0.8200000000000001
150,14,XGB,0.8533333333333333
150,15,LOGIS,0.82
150,15,SVM,0.7466666666666667
150,15,KNN,0.7666666666666668
150,15,RF,0.7133333333333333
150,15,XGB,0.7466666666666667
150,16,LOGIS,0.8733333333333334
150,16,SVM,0.7733333333333332
150,16,KNN,0.7266666666666666
150,16,RF,0.7066666666666667
150,16,XGB,0.7066666666666667
150,17,LOGIS,0.8133333333333332
150,17,SVM,0.7933333333333333
150,17,KNN,0.7666666666666666
150,17,RF,0.7533333333333333
150,17,XGB,0.74
150,18,LOGIS,0.8133333333333332
150,18,SVM,0.7733333333333334
150,18,KNN,0.7066666666666667
150,18,RF,0.7066666666666668
150,18,XGB,0.7133333333333334
150,19,LOGIS,0.8933333333333333
150,19,SVM,0.8200000000000001
150,19,KNN,0.7933333333333333
150,19,RF,0.78
150,19,XGB,0.7533333333333332
150,20,LOGIS,0.8
150,20,SVM,0.76
150,20,KNN,0.7799999999999999
150,20,RF,0.8
150,20,XGB,0.78
150,21,LOGIS,0.8533333333333333
150,21,SVM,0.8133333333333335
150,21,KNN,0.78
150,21,RF,0.7733333333333334
150,21,XGB,0.78
150,22,LOGIS,0.8399999999999999
150,22,SVM,0.76
150,22,KNN,0.7533333333333333
150,22,RF,0.7733333333333333
150,22,XGB,0.7533333333333333
150,23,LOGIS,0.8866666666666667
150,23,SVM,0.8400000000000001
150,23,KNN,0.8133333333333332
150,23,RF,0.8266666666666668
150,23,XGB,0.8066666666666666
150,24,LOGIS,0.8333333333333334
150,24,SVM,0.7466666666666667
150,24,KNN,0.74
150,24,RF,0.7
150,24,XGB,0.7066666666666667
150,25,LOGIS,0.82
150,25,SVM,0.8266666666666665
150,25,KNN,0.7933333333333333
150,25,RF,0.8
150,25,XGB,0.7733333333333333
150,26,LOGIS,0.8533333333333333
150,26,SVM,0.8066666666666666
150,26,KNN,0.74
150,26,RF,0.78
150,26,XGB,0.8066666666666666
150,27,LOGIS,0.8666666666666666
150,27,SVM,0.8266666666666665
150,27,KNN,0.8066666666666666
150,27,RF,0.8066666666666666
150,27,XGB,0.7466666666666667
150,28,LOGIS,0.7866666666666666
150,28,SVM,0.7600000000000001
150,28,KNN,0.7333333333333333
150,28,RF,0.7866666666666667
150,28,XGB,0.74
150,29,LOGIS,0.7933333333333333
150,29,SVM,0.7533333333333333
150,29,KNN,0.7266666666666667
150,29,RF,0.74
150,29,XGB,0.6599999999999999
160,0,LOGIS,0.7375
160,0,SVM,0.78125
160,0,KNN,0.6875
160,0,RF,0.7125
160,0,XGB,0.7
160,1,LOGIS,0.78125
160,1,SVM,0.7125
160,1,KNN,0.6625
160,1,RF,0.675
160,1,XGB,0.65625
160,2,LOGIS,0.83125
160,2,SVM,0.7875
160,2,KNN,0.7125
160,2,RF,0.79375
160,2,XGB,0.825
160,3,LOGIS,0.85625
160,3,SVM,0.76875
160,3,KNN,0.74375
160,3,RF,0.74375
160,3,XGB,0.76875
160,4,LOGIS,0.83125
160,4,SVM,0.7625
160,4,KNN,0.71875
160,4,RF,0.725
160,4,XGB,0.725
160,5,LOGIS,0.875
160,5,SVM,0.775
160,5,KNN,0.75625
160,5,RF,0.75625
160,5,XGB,0.7625
160,6,LOGIS,0.88125
160,6,SVM,0.8125
160,6,KNN,0.81875
160,6,RF,0.8
160,6,XGB,0.775
160,7,LOGIS,0.775
160,7,SVM,0.70625
160,7,KNN,0.7125
160,7,RF,0.73125
160,7,XGB,0.6875
160,8,LOGIS,0.83125
160,8,SVM,0.76875
160,8,KNN,0.76875
160,8,RF,0.75
160,8,XGB,0.74375
160,9,LOGIS,0.8625
160,9,SVM,0.7875
160,9,KNN,0.7625
160,9,RF,0.7875
160,9,XGB,0.8
160,10,LOGIS,0.875
160,10,SVM,0.80625
160,10,KNN,0.775
160,10,RF,0.8
160,10,XGB,0.84375
160,11,LOGIS,0.81875
160,11,SVM,0.79375
160,11,KNN,0.76875
160,11,RF,0.80625
160,11,XGB,0.775
160,12,LOGIS,0.81875
160,12,SVM,0.83125
160,12,KNN,0.775
160,12,RF,0.81875
160,12,XGB,0.825
160,13,LOGIS,0.78125
160,13,SVM,0.7375
160,13,KNN,0.71875
160,13,RF,0.7375
160,13,XGB,0.7125
160,14,LOGIS,0.825
160,14,SVM,0.75
160,14,KNN,0.74375
160,14,RF,0.76875
160,14,XGB,0.7375
160,15,LOGIS,0.81875
160,15,SVM,0.81875
160,15,KNN,0.7625
160,15,RF,0.75
160,15,XGB,0.775
160,16,LOGIS,0.80625
160,16,SVM,0.75625
160,16,KNN,0.71875
160,16,RF,0.75625
160,16,XGB,0.7125
160,17,LOGIS,0.79375
160,17,SVM,0.73125
160,17,KNN,0.6875
160,17,RF,0.75
160,17,XGB,0.7375
160,18,LOGIS,0.8
160,18,SVM,0.75625
160,18,KNN,0.74375
160,18,RF,0.7875
160,18,XGB,0.7375
160,19,LOGIS,0.80625
160,19,SVM,0.775
160,19,KNN,0.74375
160,19,RF,0.74375
160,19,XGB,0.7375
160,20,LOGIS,0.775
160,20,SVM,0.725
160,20,KNN,0.68125
160,20,RF,0.7125
160,20,XGB,0.71875
160,21,LOGIS,0.86875
160,21,SVM,0.8375
160,21,KNN,0.8125
160,21,RF,0.84375
160,21,XGB,0.84375
160,22,LOGIS,0.89375
160,22,SVM,0.8125
160,22,KNN,0.7875
160,22,RF,0.80625
160,22,XGB,0.775
160,23,LOGIS,0.825
160,23,SVM,0.84375
160,23,KNN,0.8125
160,23,RF,0.825
160,23,XGB,0.81875
160,24,LOGIS,0.90625
160,24,SVM,0.78125
160,24,KNN,0.71875
160,24,RF,0.775
160,24,XGB,0.7875
160,25,LOGIS,0.85
160,25,SVM,0.7875
160,25,KNN,0.75625
160,25,RF,0.78125
160,25,XGB,0.80625
160,26,LOGIS,0.65625
160,26,SVM,0.7125
160,26,KNN,0.7
160,26,RF,0.68125
160,26,XGB,0.725
160,27,LOGIS,0.8125
160,27,SVM,0.75
160,27,KNN,0.73125
160,27,RF,0.75
160,27,XGB,0.73125
160,28,LOGIS,0.8625
160,28,SVM,0.78125
160,28,KNN,0.76875
160,28,RF,0.75625
160,28,XGB,0.74375
160,29,LOGIS,0.8125
160,29,SVM,0.85
160,29,KNN,0.80625
160,29,RF,0.84375
160,29,XGB,0.775
170,0,LOGIS,0.8235294117647058
170,0,SVM,0.7941176470588236
170,0,KNN,0.7764705882352941
170,0,RF,0.7647058823529411
170,0,XGB,0.7529411764705882
170,1,LOGIS,0.8470588235294116
170,1,SVM,0.7764705882352942
170,1,KNN,0.7470588235294118
170,1,RF,0.7764705882352942
170,1,XGB,0.7588235294117647
170,2,LOGIS,0.8176470588235294
170,2,SVM,0.7352941176470588
170,2,KNN,0.7352941176470589
170,2,RF,0.7058823529411764
170,2,XGB,0.7
170,3,LOGIS,0.8470588235294116
170,3,SVM,0.7823529411764707
170,3,KNN,0.7176470588235294
170,3,RF,0.7764705882352941
170,3,XGB,0.7294117647058823
170,4,LOGIS,0.8
170,4,SVM,0.7529411764705882
170,4,KNN,0.7705882352941176
170,4,RF,0.7529411764705882
170,4,XGB,0.7705882352941177
170,5,LOGIS,0.8352941176470587
170,5,SVM,0.7882352941176469
170,5,KNN,0.7
170,5,RF,0.7588235294117648
170,5,XGB,0.7411764705882353
170,6,LOGIS,0.7647058823529411
170,6,SVM,0.7823529411764706
170,6,KNN,0.7705882352941177
170,6,RF,0.7705882352941176
170,6,XGB,0.7647058823529411
170,7,LOGIS,0.8470588235294118
170,7,SVM,0.7941176470588235
170,7,KNN,0.7529411764705882
170,7,RF,0.776470588235294
170,7,XGB,0.7882352941176471
170,8,LOGIS,0.8294117647058824
170,8,SVM,0.7941176470588236
170,8,KNN,0.7470588235294118
170,8,RF,0.7588235294117647
170,8,XGB,0.7470588235294118
170,9,LOGIS,0.8058823529411766
170,9,SVM,0.7941176470588236
170,9,KNN,0.7705882352941177
170,9,RF,0.7764705882352941
170,9,XGB,0.7941176470588235
170,10,LOGIS,0.8117647058823529
170,10,SVM,0.7470588235294119
170,10,KNN,0.7647058823529412
170,10,RF,0.7529411764705882
170,10,XGB,0.7470588235294117
170,11,LOGIS,0.8
170,11,SVM,0.7823529411764705
170,11,KNN,0.7647058823529412
170,11,RF,0.7764705882352942
170,11,XGB,0.7705882352941177
170,12,LOGIS,0.8352941176470587
170,12,SVM,0.7823529411764707
170,12,KNN,0.7705882352941176
170,12,RF,0.8117647058823529
170,12,XGB,0.7529411764705882
170,13,LOGIS,0.7882352941176469
170,13,SVM,0.7882352941176471
170,13,KNN,0.7764705882352941
170,13,RF,0.7588235294117647
170,13,XGB,0.7411764705882353
170,14,LOGIS,0.8117647058823529
170,14,SVM,0.7470588235294118
170,14,KNN,0.7176470588235294
170,14,RF,0.711764705882353
170,14,XGB,0.7823529411764705
170,15,LOGIS,0.8058823529411765
170,15,SVM,0.7764705882352942
170,15,KNN,0.7647058823529411
170,15,RF,0.7176470588235295
170,15,XGB,0.7352941176470588
170,16,LOGIS,0.7470588235294119
170,16,SVM,0.8
170,16,KNN,0.7411764705882352
170,16,RF,0.7705882352941176
170,16,XGB,0.7647058823529411
170,17,LOGIS,0.8647058823529411
170,17,SVM,0.788235294117647
170,17,KNN,0.7764705882352941
170,17,RF,0.788235294117647
170,17,XGB,0.7529411764705883
170,18,LOGIS,0.788235294117647
170,18,SVM,0.7823529411764706
170,18,KNN,0.7705882352941178
170,18,RF,0.7588235294117647
170,18,XGB,0.7705882352941176
170,19,LOGIS,0.8470588235294118
170,19,SVM,0.7647058823529411
170,19,KNN,0.7294117647058824
170,19,RF,0.7470588235294118
170,19,XGB,0.7058823529411766
170,20,LOGIS,0.7588235294117647
170,20,SVM,0.7529411764705882
170,20,KNN,0.7176470588235293
170,20,RF,0.6941176470588235
170,20,XGB,0.7
170,21,LOGIS,0.8705882352941176
170,21,SVM,0.7764705882352941
170,21,KNN,0.7705882352941178
170,21,RF,0.7647058823529411
170,21,XGB,0.7588235294117647
170,22,LOGIS,0.7764705882352941
170,22,SVM,0.7764705882352941
170,22,KNN,0.7411764705882353
170,22,RF,0.7470588235294118
170,22,XGB,0.788235294117647
170,23,LOGIS,0.8
170,23,SVM,0.7647058823529411
170,23,KNN,0.7235294117647059
170,23,RF,0.7705882352941176
170,23,XGB,0.7882352941176471
170,24,LOGIS,0.8470588235294118
170,24,SVM,0.7588235294117647
170,24,KNN,0.7647058823529412
170,24,RF,0.776470588235294
170,24,XGB,0.7411764705882353
170,25,LOGIS,0.7647058823529412
170,25,SVM,0.7764705882352942
170,25,KNN,0.7294117647058823
170,25,RF,0.776470588235294
170,25,XGB,0.8058823529411765
170,26,LOGIS,0.8470588235294118
170,26,SVM,0.7823529411764706
170,26,KNN,0.7941176470588236
170,26,RF,0.7529411764705882
170,26,XGB,0.7411764705882353
170,27,LOGIS,0.7764705882352942
170,27,SVM,0.7882352941176471
170,27,KNN,0.7529411764705883
170,27,RF,0.7705882352941176
170,27,XGB,0.7705882352941176
170,28,LOGIS,0.7999999999999999
170,28,SVM,0.7235294117647059
170,28,KNN,0.7058823529411765
170,28,RF,0.6647058823529411
170,28,XGB,0.711764705882353
170,29,LOGIS,0.8764705882352942
170,29,SVM,0.8294117647058823
170,29,KNN,0.823529411764706
170,29,RF,0.8352941176470589
170,29,XGB,0.8352941176470589
180,0,LOGIS,0.8444444444444444
180,0,SVM,0.8055555555555557
180,0,KNN,0.75
180,0,RF,0.8111111111111111
180,0,XGB,0.8055555555555556
180,1,LOGIS,0.8111111111111111
180,1,SVM,0.8055555555555556
180,1,KNN,0.75
180,1,RF,0.7944444444444445
180,1,XGB,0.7944444444444444
180,2,LOGIS,0.7166666666666667
180,2,SVM,0.7555555555555555
180,2,KNN,0.75
180,2,RF,0.75
180,2,XGB,0.7055555555555555
180,3,LOGIS,0.8333333333333334
180,3,SVM,0.8
180,3,KNN,0.7611111111111111
180,3,RF,0.7722222222222221
180,3,XGB,0.8
180,4,LOGIS,0.8388888888888889
180,4,SVM,0.7944444444444445
180,4,KNN,0.7777777777777779
180,4,RF,0.7611111111111111
180,4,XGB,0.7888888888888889
180,5,LOGIS,0.7277777777777779
180,5,SVM,0.7333333333333334
180,5,KNN,0.7388888888888887
180,5,RF,0.7
180,5,XGB,0.7333333333333334
180,6,LOGIS,0.8444444444444444
180,6,SVM,0.7666666666666667
180,6,KNN,0.7555555555555556
180,6,RF,0.7777777777777778
180,6,XGB,0.7555555555555556
180,7,LOGIS,0.8
180,7,SVM,0.788888888888889
180,7,KNN,0.7499999999999999
180,7,RF,0.7777777777777777
180,7,XGB,0.7666666666666667
180,8,LOGIS,0.8111111111111111
180,8,SVM,0.8055555555555556
180,8,KNN,0.7611111111111111
180,8,RF,0.788888888888889
180,8,XGB,0.7777777777777778
180,9,LOGIS,0.8444444444444447
180,9,SVM,0.8055555555555556
180,9,KNN,0.7777777777777778
180,9,RF,0.8
180,9,XGB,0.7777777777777777
180,10,LOGIS,0.8166666666666667
180,10,SVM,0.7944444444444445
180,10,KNN,0.7944444444444445
180,10,RF,0.7833333333333334
180,10,XGB,0.7666666666666667
180,11,LOGIS,0.8055555555555556
180,11,SVM,0.8277777777777778
180,11,KNN,0.7833333333333333
180,11,RF,0.8055555555555556
180,11,XGB,0.8277777777777778
180,12,LOGIS,0.8722222222222223
180,12,SVM,0.8055555555555556
180,12,KNN,0.7722222222222221
180,12,RF,0.788888888888889
180,12,XGB,0.8111111111111112
180,13,LOGIS,0.8555555555555555
180,13,SVM,0.8
180,13,KNN,0.7833333333333333
180,13,RF,0.7777777777777778
180,13,XGB,0.8388888888888889
180,14,LOGIS,0.8444444444444444
180,14,SVM,0.8277777777777778
180,14,KNN,0.8055555555555556
180,14,RF,0.8111111111111111
180,14,XGB,0.8
180,15,LOGIS,0.8055555555555556
180,15,SVM,0.7722222222222224
180,15,KNN,0.7611111111111112
180,15,RF,0.7277777777777779
180,15,XGB,0.7444444444444444
180,16,LOGIS,0.8777777777777777
180,16,SVM,0.8388888888888888
180,16,KNN,0.8111111111111111
180,16,RF,0.8055555555555556
180,16,XGB,0.8277777777777777
180,17,LOGIS,0.9055555555555556
180,17,SVM,0.8333333333333334
180,17,KNN,0.8222222222222223
180,17,RF,0.8111111111111111
180,17,XGB,0.8055555555555556
180,18,LOGIS,0.8444444444444444
180,18,SVM,0.7555555555555555
180,18,KNN,0.7388888888888889
180,18,RF,0.7388888888888889
180,18,XGB,0.7444444444444445
180,19,LOGIS,0.9
180,19,SVM,0.7722222222222224
180,19,KNN,0.7666666666666667
180,19,RF,0.7722222222222223
180,19,XGB,0.7444444444444445
180,20,LOGIS,0.7833333333333334
180,20,SVM,0.7777777777777778
180,20,KNN,0.7055555555555555
180,20,RF,0.7555555555555555
180,20,XGB,0.788888888888889
180,21,LOGIS,0.8277777777777778
180,21,SVM,0.7333333333333334
180,21,KNN,0.7055555555555555
180,21,RF,0.7
180,21,XGB,0.7055555555555555
180,22,LOGIS,0.861111111111111
180,22,SVM,0.7444444444444445
180,22,KNN,0.7333333333333334
180,22,RF,0.7277777777777777
180,22,XGB,0.7444444444444445
180,23,LOGIS,0.861111111111111
180,23,SVM,0.788888888888889
180,23,KNN,0.7277777777777779
180,23,RF,0.7666666666666666
180,23,XGB,0.75
180,24,LOGIS,0.7944444444444444
180,24,SVM,0.7777777777777779
180,24,KNN,0.7555555555555555
180,24,RF,0.7388888888888889
180,24,XGB,0.7444444444444445
180,25,LOGIS,0.7777777777777778
180,25,SVM,0.7944444444444445
180,25,KNN,0.7722222222222223
180,25,RF,0.7666666666666667
180,25,XGB,0.7555555555555555
180,26,LOGIS,0.8222222222222222
180,26,SVM,0.8111111111111111
180,26,KNN,0.7666666666666667
180,26,RF,0.7888888888888889
180,26,XGB,0.7833333333333334
180,27,LOGIS,0.8111111111111111
180,27,SVM,0.7722222222222223
180,27,KNN,0.7777777777777778
180,27,RF,0.7611111111111112
180,27,XGB,0.7555555555555554
180,28,LOGIS,0.7777777777777777
180,28,SVM,0.7666666666666667
180,28,KNN,0.7555555555555556
180,28,RF,0.7444444444444445
180,28,XGB,0.711111111111111
180,29,LOGIS,0.8722222222222223
180,29,SVM,0.788888888888889
180,29,KNN,0.7611111111111111
180,29,RF,0.7722222222222221
180,29,XGB,0.7388888888888889
190,0,LOGIS,0.8578947368421053
190,0,SVM,0.8421052631578949
190,0,KNN,0.768421052631579
190,0,RF,0.8210526315789473
190,0,XGB,0.8157894736842106
190,1,LOGIS,0.8421052631578947
190,1,SVM,0.7789473684210527
190,1,KNN,0.7473684210526317
190,1,RF,0.7894736842105262
190,1,XGB,0.7789473684210526
190,2,LOGIS,0.7894736842105263
190,2,SVM,0.8105263157894738
190,2,KNN,0.7684210526315789
190,2,RF,0.8052631578947368
190,2,XGB,0.7578947368421053
190,3,LOGIS,0.8631578947368419
190,3,SVM,0.7789473684210526
190,3,KNN,0.7421052631578947
190,3,RF,0.7210526315789474
190,3,XGB,0.731578947368421
190,4,LOGIS,0.8842105263157896
190,4,SVM,0.7789473684210526
190,4,KNN,0.7473684210526316
190,4,RF,0.7578947368421052
190,4,XGB,0.7631578947368421
190,5,LOGIS,0.8157894736842104
190,5,SVM,0.8000000000000002
190,5,KNN,0.7842105263157895
190,5,RF,0.7894736842105263
190,5,XGB,0.805263157894737
190,6,LOGIS,0.8789473684210527
190,6,SVM,0.8315789473684211
190,6,KNN,0.7842105263157894
190,6,RF,0.8105263157894737
190,6,XGB,0.8157894736842104
190,7,LOGIS,0.7894736842105263
190,7,SVM,0.7473684210526316
190,7,KNN,0.7210526315789474
190,7,RF,0.7631578947368421
190,7,XGB,0.7631578947368421
190,8,LOGIS,0.8263157894736842
190,8,SVM,0.7578947368421052
190,8,KNN,0.7315789473684211
190,8,RF,0.7473684210526317
190,8,XGB,0.7315789473684211
190,9,LOGIS,0.8315789473684209
190,9,SVM,0.7894736842105263
190,9,KNN,0.8210526315789475
190,9,RF,0.8
190,9,XGB,0.7736842105263159
190,10,LOGIS,0.8157894736842106
190,10,SVM,0.8105263157894737
190,10,KNN,0.7578947368421053
190,10,RF,0.7894736842105263
190,10,XGB,0.8
190,11,LOGIS,0.8157894736842104
190,11,SVM,0.7631578947368421
190,11,KNN,0.7684210526315789
190,11,RF,0.7789473684210526
190,11,XGB,0.7526315789473685
190,12,LOGIS,0.7894736842105263
190,12,SVM,0.8105263157894737
190,12,KNN,0.7526315789473684
190,12,RF,0.8052631578947368
190,12,XGB,0.8
190,13,LOGIS,0.8315789473684211
190,13,SVM,0.7736842105263158
190,13,KNN,0.7526315789473684
190,13,RF,0.763157894736842
190,13,XGB,0.7947368421052632
190,14,LOGIS,0.7842105263157896
190,14,SVM,0.8
190,14,KNN,0.7157894736842105
190,14,RF,0.7578947368421053
190,14,XGB,0.7526315789473683
190,15,LOGIS,0.8315789473684211
190,15,SVM,0.7473684210526316
190,15,KNN,0.7210526315789474
190,15,RF,0.7684210526315789
190,15,XGB,0.7894736842105263
190,16,LOGIS,0.8894736842105264
190,16,SVM,0.8105263157894737
190,16,KNN,0.7631578947368421
190,16,RF,0.7842105263157894
190,16,XGB,0.7842105263157896
190,17,LOGIS,0.6789473684210527
190,17,SVM,0.8
190,17,KNN,0.7578947368421052
190,17,RF,0.8157894736842106
190,17,XGB,0.7947368421052632
190,18,LOGIS,0.8263157894736842
190,18,SVM,0.8105263157894737
190,18,KNN,0.7631578947368421
190,18,RF,0.7578947368421052
190,18,XGB,0.7578947368421053
190,19,LOGIS,0.8
190,19,SVM,0.8105263157894737
190,19,KNN,0.8
190,19,RF,0.7947368421052632
190,19,XGB,0.7631578947368421
190,20,LOGIS,0.8105263157894737
190,20,SVM,0.7789473684210526
190,20,KNN,0.731578947368421
190,20,RF,0.7789473684210527
190,20,XGB,0.7789473684210526
190,21,LOGIS,0.7894736842105263
190,21,SVM,0.8
190,21,KNN,0.7842105263157896
190,21,RF,0.7631578947368421
190,21,XGB,0.7842105263157894
190,22,LOGIS,0.8315789473684211
190,22,SVM,0.7789473684210526
190,22,KNN,0.7684210526315789
190,22,RF,0.7526315789473685
190,22,XGB,0.7263157894736842
190,23,LOGIS,0.8842105263157893
190,23,SVM,0.7894736842105263
190,23,KNN,0.736842105263158
190,23,RF,0.7684210526315789
190,23,XGB,0.7368421052631579
190,24,LOGIS,0.7842105263157895
190,24,SVM,0.8052631578947368
190,24,KNN,0.7368421052631579
190,24,RF,0.7736842105263158
190,24,XGB,0.7631578947368421
190,25,LOGIS,0.794736842105263
190,25,SVM,0.7894736842105263
190,25,KNN,0.763157894736842
190,25,RF,0.7684210526315789
190,25,XGB,0.7736842105263158
190,26,LOGIS,0.8473684210526315
190,26,SVM,0.7578947368421053
190,26,KNN,0.7210526315789474
190,26,RF,0.7421052631578947
190,26,XGB,0.7368421052631579
190,27,LOGIS,0.8421052631578947
190,27,SVM,0.7894736842105263
190,27,KNN,0.7578947368421053
190,27,RF,0.7842105263157895
190,27,XGB,0.7421052631578947
190,28,LOGIS,0.8315789473684211
190,28,SVM,0.7947368421052632
190,28,KNN,0.8052631578947368
190,28,RF,0.8052631578947368
190,28,XGB,0.8105263157894737
190,29,LOGIS,0.8368421052631578
190,29,SVM,0.7894736842105263
190,29,KNN,0.7894736842105263
190,29,RF,0.7894736842105263
190,29,XGB,0.7526315789473684
200,0,LOGIS,0.905
200,0,SVM,0.805
200,0,KNN,0.8
200,0,RF,0.8149999999999998
200,0,XGB,0.8
200,1,LOGIS,0.775
200,1,SVM,0.765
200,1,KNN,0.735
200,1,RF,0.745
200,1,XGB,0.7350000000000001
200,2,LOGIS,0.79
200,2,SVM,0.825
200,2,KNN,0.805
200,2,RF,0.7849999999999999
200,2,XGB,0.8099999999999999
200,3,LOGIS,0.8949999999999999
200,3,SVM,0.775
200,3,KNN,0.75
200,3,RF,0.765
200,3,XGB,0.7700000000000001
200,4,LOGIS,0.7999999999999999
200,4,SVM,0.765
200,4,KNN,0.75
200,4,RF,0.775
200,4,XGB,0.76
200,5,LOGIS,0.845
200,5,SVM,0.75
200,5,KNN,0.7299999999999999
200,5,RF,0.76
200,5,XGB,0.76
200,6,LOGIS,0.8400000000000001
200,6,SVM,0.835
200,6,KNN,0.8150000000000001
200,6,RF,0.82
200,6,XGB,0.8200000000000001
200,7,LOGIS,0.86
200,7,SVM,0.8150000000000001
200,7,KNN,0.7300000000000001
200,7,RF,0.79
200,7,XGB,0.775
200,8,LOGIS,0.85
200,8,SVM,0.79
200,8,KNN,0.73
200,8,RF,0.735
200,8,XGB,0.79
200,9,LOGIS,0.835
200,9,SVM,0.8150000000000001
200,9,KNN,0.745
200,9,RF,0.7849999999999999
200,9,XGB,0.7750000000000001
200,10,LOGIS,0.7150000000000001
200,10,SVM,0.765
200,10,KNN,0.705
200,10,RF,0.75
200,10,XGB,0.745
200,11,LOGIS,0.85
200,11,SVM,0.845
200,11,KNN,0.8099999999999999
200,11,RF,0.8150000000000001
200,11,XGB,0.8150000000000001
200,12,LOGIS,0.79
200,12,SVM,0.7600000000000001
200,12,KNN,0.7300000000000001
200,12,RF,0.765
200,12,XGB,0.7899999999999999
200,13,LOGIS,0.78
200,13,SVM,0.7649999999999999
200,13,KNN,0.75
200,13,RF,0.715
200,13,XGB,0.7500000000000001
200,14,LOGIS,0.7799999999999999
200,14,SVM,0.74
200,14,KNN,0.73
200,14,RF,0.71
200,14,XGB,0.7150000000000001
200,15,LOGIS,0.79
200,15,SVM,0.8
200,15,KNN,0.7999999999999999
200,15,RF,0.8
200,15,XGB,0.7649999999999999
200,16,LOGIS,0.8699999999999999
200,16,SVM,0.82
200,16,KNN,0.8099999999999999
200,16,RF,0.8299999999999998
200,16,XGB,0.7649999999999999
200,17,LOGIS,0.805
200,17,SVM,0.825
200,17,KNN,0.775
200,17,RF,0.78
200,17,XGB,0.75
200,18,LOGIS,0.8800000000000001
200,18,SVM,0.79
200,18,KNN,0.72
200,18,RF,0.8099999999999999
200,18,XGB,0.8200000000000001
200,19,LOGIS,0.7949999999999999
200,19,SVM,0.7849999999999999
200,19,KNN,0.7699999999999999
200,19,RF,0.7799999999999999
200,19,XGB,0.765
200,20,LOGIS,0.8100000000000002
200,20,SVM,0.775
200,20,KNN,0.7500000000000001
200,20,RF,0.7650000000000001
200,20,XGB,0.74
200,21,LOGIS,0.8799999999999999
200,21,SVM,0.8049999999999999
200,21,KNN,0.79
200,21,RF,0.7949999999999999
200,21,XGB,0.8099999999999999
200,22,LOGIS,0.78
200,22,SVM,0.7649999999999999
200,22,KNN,0.755
200,22,RF,0.76
200,22,XGB,0.765
200,23,LOGIS,0.85
200,23,SVM,0.825
200,23,KNN,0.7949999999999999
200,23,RF,0.82
200,23,XGB,0.8150000000000001
200,24,LOGIS,0.825
200,24,SVM,0.805
200,24,KNN,0.785
200,24,RF,0.795
200,24,XGB,0.7700000000000001
200,25,LOGIS,0.825
200,25,SVM,0.8
200,25,KNN,0.7699999999999999
200,25,RF,0.7699999999999999
200,25,XGB,0.79
200,26,LOGIS,0.82
200,26,SVM,0.805
200,26,KNN,0.795
200,26,RF,0.775
200,26,XGB,0.78
200,27,LOGIS,0.8099999999999999
200,27,SVM,0.745
200,27,KNN,0.7300000000000001
200,27,RF,0.73
200,27,XGB,0.765
200,28,LOGIS,0.755
200,28,SVM,0.78
200,28,KNN,0.7300000000000001
200,28,RF,0.7700000000000001
200,28,XGB,0.7700000000000001
200,29,LOGIS,0.835
200,29,SVM,0.825
200,29,KNN,0.8099999999999999
200,29,RF,0.8099999999999999
200,29,XGB,0.765
